Date,state_name,state_code,district_name,district_code,confirmed_district,recovered_district,deceased_district,total_confirmed_district,total_recovered_district,total_deceased_district,confirmed_state,recovered_state,deceased_state,total_confirmed_state,total_recovered_state,total_deceased_state,confirmed_india,recovered_india,deceased_india,total_confirmed_india,total_recovered_india,total_deceased_india
22-12-2020,Andaman and Nicobar Islands,,Unknown,,4893,4749,62,4893,4749,62,4893,4749,62,4893,4749,62,23880,27032,329,10099308,9662697,146476
22-12-2020,Andhra Pradesh,28.0,Anantapur,502.0,67177,66419,595,67177,66419,595,879339,868279,7082,879339,868279,7082,23880,27032,329,10099308,9662697,146476
22-12-2020,Andhra Pradesh,28.0,Chittoor,503.0,85593,84322,838,85593,84322,838,879339,868279,7082,879339,868279,7082,23880,27032,329,10099308,9662697,146476
22-12-2020,Andhra Pradesh,28.0,East Godavari,505.0,123361,122303,636,123361,122303,636,879339,868279,7082,879339,868279,7082,23880,27032,329,10099308,9662697,146476
22-12-2020,Andhra Pradesh,28.0,Guntur,506.0,74335,73118,662,74335,73118,662,879339,868279,7082,879339,868279,7082,23880,27032,329,10099308,9662697,146476
22-12-2020,Andhra Pradesh,28.0,Krishna,510.0,47282,45935,660,47282,45935,660,879339,868279,7082,879339,868279,7082,23880,27032,329,10099308,9662697,146476
22-12-2020,Andhra Pradesh,28.0,Kurnool,511.0,60503,59917,487,60503,59917,487,879339,868279,7082,879339,868279,7082,23880,27032,329,10099308,9662697,146476
22-12-2020,Andhra Pradesh,28.0,Prakasam,517.0,61948,61194,578,61948,61194,578,879339,868279,7082,879339,868279,7082,23880,27032,329,10099308,9662697,146476
22-12-2020,Andhra Pradesh,28.0,S.P.S. Nellore,515.0,61960,60900,505,61960,60900,505,879339,868279,7082,879339,868279,7082,23880,27032,329,10099308,9662697,146476
22-12-2020,Andhra Pradesh,28.0,Srikakulam,519.0,45857,45340,346,45857,45340,346,879339,868279,7082,879339,868279,7082,23880,27032,329,10099308,9662697,146476
22-12-2020,Andhra Pradesh,28.0,Visakhapatnam,520.0,58920,58114,549,58920,58114,549,879339,868279,7082,879339,868279,7082,23880,27032,329,10099308,9662697,146476
22-12-2020,Andhra Pradesh,28.0,Vizianagaram,521.0,40990,40676,238,40990,40676,238,879339,868279,7082,879339,868279,7082,23880,27032,329,10099308,9662697,146476
22-12-2020,Andhra Pradesh,28.0,West Godavari,523.0,93694,92926,532,93694,92926,532,879339,868279,7082,879339,868279,7082,23880,27032,329,10099308,9662697,146476
22-12-2020,Andhra Pradesh,28.0,Y.S.R. Kadapa,504.0,54824,54220,456,54824,54220,456,879339,868279,7082,879339,868279,7082,23880,27032,329,10099308,9662697,146476
22-12-2020,Arunachal Pradesh,12.0,Anjaw,628.0,204,196,0,204,196,0,16657,16379,56,16657,16379,56,23880,27032,329,10099308,9662697,146476
22-12-2020,Arunachal Pradesh,12.0,Changlang,229.0,1272,1261,4,1272,1261,4,16657,16379,56,16657,16379,56,23880,27032,329,10099308,9662697,146476
22-12-2020,Arunachal Pradesh,12.0,East Kameng,231.0,304,304,0,304,304,0,16657,16379,56,16657,16379,56,23880,27032,329,10099308,9662697,146476
22-12-2020,Arunachal Pradesh,12.0,East Siang,232.0,1115,1094,4,1115,1094,4,16657,16379,56,16657,16379,56,23880,27032,329,10099308,9662697,146476
22-12-2020,Arunachal Pradesh,12.0,Kamle,718.0,29,29,0,29,29,0,16657,16379,56,16657,16379,56,23880,27032,329,10099308,9662697,146476
22-12-2020,Arunachal Pradesh,12.0,Kra Daadi,677.0,37,37,0,37,37,0,16657,16379,56,16657,16379,56,23880,27032,329,10099308,9662697,146476
22-12-2020,Arunachal Pradesh,12.0,Kurung Kumey,233.0,117,117,0,117,117,0,16657,16379,56,16657,16379,56,23880,27032,329,10099308,9662697,146476
22-12-2020,Arunachal Pradesh,12.0,Lepa Rada,724.0,277,273,0,277,273,0,16657,16379,56,16657,16379,56,23880,27032,329,10099308,9662697,146476
22-12-2020,Arunachal Pradesh,12.0,Lohit,234.0,567,562,0,567,562,0,16657,16379,56,16657,16379,56,23880,27032,329,10099308,9662697,146476
22-12-2020,Arunachal Pradesh,12.0,Longding,666.0,248,246,0,248,246,0,16657,16379,56,16657,16379,56,23880,27032,329,10099308,9662697,146476
22-12-2020,Arunachal Pradesh,12.0,Lower Dibang Valley,235.0,472,462,0,472,462,0,16657,16379,56,16657,16379,56,23880,27032,329,10099308,9662697,146476
22-12-2020,Arunachal Pradesh,12.0,Lower Siang,719.0,285,283,0,285,283,0,16657,16379,56,16657,16379,56,23880,27032,329,10099308,9662697,146476
22-12-2020,Arunachal Pradesh,12.0,Lower Subansiri,236.0,381,380,1,381,380,1,16657,16379,56,16657,16379,56,23880,27032,329,10099308,9662697,146476
22-12-2020,Arunachal Pradesh,12.0,Namsai,678.0,429,419,4,429,419,4,16657,16379,56,16657,16379,56,23880,27032,329,10099308,9662697,146476
22-12-2020,Arunachal Pradesh,12.0,Pakke Kessang,723.0,129,129,0,129,129,0,16657,16379,56,16657,16379,56,23880,27032,329,10099308,9662697,146476
22-12-2020,Arunachal Pradesh,12.0,Papum Pare,237.0,6744,6632,29,6744,6632,29,16657,16379,56,16657,16379,56,23880,27032,329,10099308,9662697,146476
22-12-2020,Arunachal Pradesh,12.0,Shi Yomi,725.0,104,100,0,104,100,0,16657,16379,56,16657,16379,56,23880,27032,329,10099308,9662697,146476
22-12-2020,Arunachal Pradesh,12.0,Siang,679.0,132,127,1,132,127,1,16657,16379,56,16657,16379,56,23880,27032,329,10099308,9662697,146476
22-12-2020,Arunachal Pradesh,12.0,Tawang,238.0,459,421,2,459,421,2,16657,16379,56,16657,16379,56,23880,27032,329,10099308,9662697,146476
22-12-2020,Arunachal Pradesh,12.0,Tirap,239.0,586,578,2,586,578,2,16657,16379,56,16657,16379,56,23880,27032,329,10099308,9662697,146476
22-12-2020,Arunachal Pradesh,12.0,Upper Siang,240.0,360,358,0,360,358,0,16657,16379,56,16657,16379,56,23880,27032,329,10099308,9662697,146476
22-12-2020,Arunachal Pradesh,12.0,Upper Subansiri,241.0,440,438,2,440,438,2,16657,16379,56,16657,16379,56,23880,27032,329,10099308,9662697,146476
22-12-2020,Arunachal Pradesh,12.0,West Kameng,242.0,914,888,4,914,888,4,16657,16379,56,16657,16379,56,23880,27032,329,10099308,9662697,146476
22-12-2020,Arunachal Pradesh,12.0,West Siang,243.0,1029,1022,3,1029,1022,3,16657,16379,56,16657,16379,56,23880,27032,329,10099308,9662697,146476
22-12-2020,Assam,18.0,Unknown,,215585,211075,1024,215585,211075,1024,215585,211075,1024,215585,211075,1024,23880,27032,329,10099308,9662697,146476
22-12-2020,Bihar,10.0,Araria,188.0,7112,7056,22,7112,7056,22,248028,241935,1362,248028,241935,1362,23880,27032,329,10099308,9662697,146476
22-12-2020,Bihar,10.0,Arwal,611.0,2261,2216,11,2261,2216,11,248028,241935,1362,248028,241935,1362,23880,27032,329,10099308,9662697,146476
22-12-2020,Bihar,10.0,Aurangabad,189.0,4966,4919,15,4966,4919,15,248028,241935,1362,248028,241935,1362,23880,27032,329,10099308,9662697,146476
22-12-2020,Bihar,10.0,Banka,190.0,3393,3279,19,3393,3279,19,248028,241935,1362,248028,241935,1362,23880,27032,329,10099308,9662697,146476
22-12-2020,Bihar,10.0,Begusarai,191.0,7569,7431,32,7569,7431,32,248028,241935,1362,248028,241935,1362,23880,27032,329,10099308,9662697,146476
22-12-2020,Bihar,10.0,Bhagalpur,192.0,9296,9069,75,9296,9069,75,248028,241935,1362,248028,241935,1362,23880,27032,329,10099308,9662697,146476
22-12-2020,Bihar,10.0,Bhojpur,193.0,4915,4820,42,4915,4820,42,248028,241935,1362,248028,241935,1362,23880,27032,329,10099308,9662697,146476
22-12-2020,Bihar,10.0,Buxar,194.0,3943,3877,17,3943,3877,17,248028,241935,1362,248028,241935,1362,23880,27032,329,10099308,9662697,146476
22-12-2020,Bihar,10.0,Darbhanga,195.0,3991,3930,32,3991,3930,32,248028,241935,1362,248028,241935,1362,23880,27032,329,10099308,9662697,146476
22-12-2020,Bihar,10.0,East Champaran,213.0,8260,8134,50,8260,8134,50,248028,241935,1362,248028,241935,1362,23880,27032,329,10099308,9662697,146476
22-12-2020,Bihar,10.0,Gaya,196.0,7689,7466,59,7689,7466,59,248028,241935,1362,248028,241935,1362,23880,27032,329,10099308,9662697,146476
22-12-2020,Bihar,10.0,Gopalganj,197.0,5689,5600,15,5689,5600,15,248028,241935,1362,248028,241935,1362,23880,27032,329,10099308,9662697,146476
22-12-2020,Bihar,10.0,Jamui,198.0,3130,3095,10,3130,3095,10,248028,241935,1362,248028,241935,1362,23880,27032,329,10099308,9662697,146476
22-12-2020,Bihar,10.0,Jehanabad,199.0,4383,4267,19,4383,4267,19,248028,241935,1362,248028,241935,1362,23880,27032,329,10099308,9662697,146476
22-12-2020,Bihar,10.0,Kaimur,200.0,2008,1957,10,2008,1957,10,248028,241935,1362,248028,241935,1362,23880,27032,329,10099308,9662697,146476
22-12-2020,Bihar,10.0,Katihar,201.0,7107,6994,12,7107,6994,12,248028,241935,1362,248028,241935,1362,23880,27032,329,10099308,9662697,146476
22-12-2020,Bihar,10.0,Khagaria,202.0,3037,2999,12,3037,2999,12,248028,241935,1362,248028,241935,1362,23880,27032,329,10099308,9662697,146476
22-12-2020,Bihar,10.0,Kishanganj,203.0,4248,4124,13,4248,4124,13,248028,241935,1362,248028,241935,1362,23880,27032,329,10099308,9662697,146476
22-12-2020,Bihar,10.0,Lakhisarai,204.0,3659,3544,9,3659,3544,9,248028,241935,1362,248028,241935,1362,23880,27032,329,10099308,9662697,146476
22-12-2020,Bihar,10.0,Madhepura,205.0,4772,4715,16,4772,4715,16,248028,241935,1362,248028,241935,1362,23880,27032,329,10099308,9662697,146476
22-12-2020,Bihar,10.0,Madhubani,206.0,7526,7447,32,7526,7447,32,248028,241935,1362,248028,241935,1362,23880,27032,329,10099308,9662697,146476
22-12-2020,Bihar,10.0,Munger,207.0,4127,4010,50,4127,4010,50,248028,241935,1362,248028,241935,1362,23880,27032,329,10099308,9662697,146476
22-12-2020,Bihar,10.0,Muzaffarpur,208.0,11302,11053,45,11302,11053,45,248028,241935,1362,248028,241935,1362,23880,27032,329,10099308,9662697,146476
22-12-2020,Bihar,10.0,Nalanda,209.0,8004,7853,54,8004,7853,54,248028,241935,1362,248028,241935,1362,23880,27032,329,10099308,9662697,146476
22-12-2020,Bihar,10.0,Nawada,210.0,4083,3924,23,4083,3924,23,248028,241935,1362,248028,241935,1362,23880,27032,329,10099308,9662697,146476
22-12-2020,Bihar,10.0,Patna,212.0,46900,44758,363,46900,44758,363,248028,241935,1362,248028,241935,1362,23880,27032,329,10099308,9662697,146476
22-12-2020,Bihar,10.0,Purnia,214.0,9200,9104,21,9200,9104,21,248028,241935,1362,248028,241935,1362,23880,27032,329,10099308,9662697,146476
22-12-2020,Bihar,10.0,Rohtas,215.0,6643,6527,45,6643,6527,45,248028,241935,1362,248028,241935,1362,23880,27032,329,10099308,9662697,146476
22-12-2020,Bihar,10.0,Saharsa,216.0,6658,6591,12,6658,6591,12,248028,241935,1362,248028,241935,1362,23880,27032,329,10099308,9662697,146476
22-12-2020,Bihar,10.0,Samastipur,217.0,5135,5032,34,5135,5032,34,248028,241935,1362,248028,241935,1362,23880,27032,329,10099308,9662697,146476
22-12-2020,Bihar,10.0,Saran,218.0,6963,6669,52,6963,6669,52,248028,241935,1362,248028,241935,1362,23880,27032,329,10099308,9662697,146476
22-12-2020,Bihar,10.0,Sheikhpura,219.0,2970,2951,12,2970,2951,12,248028,241935,1362,248028,241935,1362,23880,27032,329,10099308,9662697,146476
22-12-2020,Bihar,10.0,Sheohar,220.0,1411,1372,1,1411,1372,1,248028,241935,1362,248028,241935,1362,23880,27032,329,10099308,9662697,146476
22-12-2020,Bihar,10.0,Sitamarhi,221.0,4279,4148,14,4279,4148,14,248028,241935,1362,248028,241935,1362,23880,27032,329,10099308,9662697,146476
22-12-2020,Bihar,10.0,Siwan,222.0,4597,4495,29,4597,4495,29,248028,241935,1362,248028,241935,1362,23880,27032,329,10099308,9662697,146476
22-12-2020,Bihar,10.0,Supaul,223.0,5537,5486,17,5537,5486,17,248028,241935,1362,248028,241935,1362,23880,27032,329,10099308,9662697,146476
22-12-2020,Bihar,10.0,Vaishali,224.0,5328,5203,46,5328,5203,46,248028,241935,1362,248028,241935,1362,23880,27032,329,10099308,9662697,146476
22-12-2020,Bihar,10.0,West Champaran,211.0,5937,5820,22,5937,5820,22,248028,241935,1362,248028,241935,1362,23880,27032,329,10099308,9662697,146476
22-12-2020,Chandigarh,4.0,Chandigarh,44.0,19184,18508,312,19184,18508,312,19184,18508,312,19184,18508,312,23880,27032,329,10099308,9662697,146476
22-12-2020,Chhattisgarh,22.0,Balod,646.0,8673,7802,76,8673,7802,76,269857,250766,3212,269857,250766,3212,23880,27032,329,10099308,9662697,146476
22-12-2020,Chhattisgarh,22.0,Baloda Bazar,644.0,8569,8290,123,8569,8290,123,269857,250766,3212,269857,250766,3212,23880,27032,329,10099308,9662697,146476
22-12-2020,Chhattisgarh,22.0,Balrampur,649.0,3233,3038,11,3233,3038,11,269857,250766,3212,269857,250766,3212,23880,27032,329,10099308,9662697,146476
22-12-2020,Chhattisgarh,22.0,Bametara,650.0,4339,3876,51,4339,3876,51,269857,250766,3212,269857,250766,3212,23880,27032,329,10099308,9662697,146476
22-12-2020,Chhattisgarh,22.0,Bastar,374.0,7512,7277,78,7512,7277,78,269857,250766,3212,269857,250766,3212,23880,27032,329,10099308,9662697,146476
22-12-2020,Chhattisgarh,22.0,Bijapur,636.0,3962,3909,28,3962,3909,28,269857,250766,3212,269857,250766,3212,23880,27032,329,10099308,9662697,146476
22-12-2020,Chhattisgarh,22.0,Bilaspur,375.0,17186,16734,187,17186,16734,187,269857,250766,3212,269857,250766,3212,23880,27032,329,10099308,9662697,146476
22-12-2020,Chhattisgarh,22.0,Dakshin Bastar Dantewada,376.0,5788,5759,15,5788,5759,15,269857,250766,3212,269857,250766,3212,23880,27032,329,10099308,9662697,146476
22-12-2020,Chhattisgarh,22.0,Dhamtari,377.0,7457,6805,104,7457,6805,104,269857,250766,3212,269857,250766,3212,23880,27032,329,10099308,9662697,146476
22-12-2020,Chhattisgarh,22.0,Durg,378.0,21742,19654,543,21742,19654,543,269857,250766,3212,269857,250766,3212,23880,27032,329,10099308,9662697,146476
22-12-2020,Chhattisgarh,22.0,Gariaband,645.0,3846,3663,46,3846,3663,46,269857,250766,3212,269857,250766,3212,23880,27032,329,10099308,9662697,146476
22-12-2020,Chhattisgarh,22.0,Janjgir Champa,379.0,18093,17627,202,18093,17627,202,269857,250766,3212,269857,250766,3212,23880,27032,329,10099308,9662697,146476
22-12-2020,Chhattisgarh,22.0,Jashpur,380.0,3174,2896,21,3174,2896,21,269857,250766,3212,269857,250766,3212,23880,27032,329,10099308,9662697,146476
22-12-2020,Chhattisgarh,22.0,Kabeerdham,382.0,5426,5188,66,5426,5188,66,269857,250766,3212,269857,250766,3212,23880,27032,329,10099308,9662697,146476
22-12-2020,Chhattisgarh,22.0,Kondagaon,643.0,4862,4743,25,4862,4743,25,269857,250766,3212,269857,250766,3212,23880,27032,329,10099308,9662697,146476
22-12-2020,Chhattisgarh,22.0,Korba,383.0,15558,15310,101,15558,15310,101,269857,250766,3212,269857,250766,3212,23880,27032,329,10099308,9662697,146476
22-12-2020,Chhattisgarh,22.0,Koriya,384.0,4511,4285,36,4511,4285,36,269857,250766,3212,269857,250766,3212,23880,27032,329,10099308,9662697,146476
22-12-2020,Chhattisgarh,22.0,Mahasamund,385.0,7489,6878,111,7489,6878,111,269857,250766,3212,269857,250766,3212,23880,27032,329,10099308,9662697,146476
22-12-2020,Chhattisgarh,22.0,Mungeli,647.0,3769,3706,23,3769,3706,23,269857,250766,3212,269857,250766,3212,23880,27032,329,10099308,9662697,146476
22-12-2020,Chhattisgarh,22.0,Narayanpur,637.0,1904,1867,2,1904,1867,2,269857,250766,3212,269857,250766,3212,23880,27032,329,10099308,9662697,146476
22-12-2020,Chhattisgarh,22.0,Raigarh,386.0,20651,20017,270,20651,20017,270,269857,250766,3212,269857,250766,3212,23880,27032,329,10099308,9662697,146476
22-12-2020,Chhattisgarh,22.0,Raipur,387.0,51148,43587,698,51148,43587,698,269857,250766,3212,269857,250766,3212,23880,27032,329,10099308,9662697,146476
22-12-2020,Chhattisgarh,22.0,Rajnandgaon,388.0,17583,16202,161,17583,16202,161,269857,250766,3212,269857,250766,3212,23880,27032,329,10099308,9662697,146476
22-12-2020,Chhattisgarh,22.0,Sukma,642.0,3697,3635,10,3697,3635,10,269857,250766,3212,269857,250766,3212,23880,27032,329,10099308,9662697,146476
22-12-2020,Chhattisgarh,22.0,Surajpur,648.0,5308,4762,32,5308,4762,32,269857,250766,3212,269857,250766,3212,23880,27032,329,10099308,9662697,146476
22-12-2020,Chhattisgarh,22.0,Surguja,389.0,7049,6419,77,7049,6419,77,269857,250766,3212,269857,250766,3212,23880,27032,329,10099308,9662697,146476
22-12-2020,Chhattisgarh,22.0,Uttar Bastar Kanker,381.0,5904,5758,54,5904,5758,54,269857,250766,3212,269857,250766,3212,23880,27032,329,10099308,9662697,146476
22-12-2020,Delhi,7.0,Delhi,79.0,618747,599683,10329,618747,599683,10329,618747,599683,10329,618747,599683,10329,23880,27032,329,10099308,9662697,146476
22-12-2020,Dadra and Nagar Haveli and Daman and Diu,26.0,Dadra and Nagar Haveli,465.0,1640,1632,1,1640,1632,1,3354,3315,2,3354,3315,2,23880,27032,329,10099308,9662697,146476
22-12-2020,Dadra and Nagar Haveli and Daman and Diu,26.0,Daman,463.0,1402,1374,1,1402,1374,1,3354,3315,2,3354,3315,2,23880,27032,329,10099308,9662697,146476
22-12-2020,Dadra and Nagar Haveli and Daman and Diu,26.0,Diu,464.0,312,309,0,312,309,0,3354,3315,2,3354,3315,2,23880,27032,329,10099308,9662697,146476
22-12-2020,Goa,30.0,Unknown,,50239,48567,725,50239,48567,725,50239,48567,725,50239,48567,725,23880,27032,329,10099308,9662697,146476
22-12-2020,Gujarat,24.0,Ahmedabad,438.0,56005,50801,2219,56005,50801,2219,237247,221702,4248,237247,221702,4248,23880,27032,329,10099308,9662697,146476
22-12-2020,Gujarat,24.0,Amreli,439.0,3697,3479,32,3697,3479,32,237247,221702,4248,237247,221702,4248,23880,27032,329,10099308,9662697,146476
22-12-2020,Gujarat,24.0,Anand,440.0,2167,2073,17,2167,2073,17,237247,221702,4248,237247,221702,4248,23880,27032,329,10099308,9662697,146476
22-12-2020,Gujarat,24.0,Aravalli,672.0,1115,1029,25,1115,1029,25,237247,221702,4248,237247,221702,4248,23880,27032,329,10099308,9662697,146476
22-12-2020,Gujarat,24.0,Banaskantha,441.0,4464,4453,36,4464,4453,36,237247,221702,4248,237247,221702,4248,23880,27032,329,10099308,9662697,146476
22-12-2020,Gujarat,24.0,Bharuch,442.0,3728,3579,18,3728,3579,18,237247,221702,4248,237247,221702,4248,23880,27032,329,10099308,9662697,146476
22-12-2020,Gujarat,24.0,Bhavnagar,443.0,5676,5499,68,5676,5499,68,237247,221702,4248,237247,221702,4248,23880,27032,329,10099308,9662697,146476
22-12-2020,Gujarat,24.0,Botad,676.0,1011,933,11,1011,933,11,237247,221702,4248,237247,221702,4248,23880,27032,329,10099308,9662697,146476
22-12-2020,Gujarat,24.0,Chhota Udaipur,668.0,850,830,3,850,830,3,237247,221702,4248,237247,221702,4248,23880,27032,329,10099308,9662697,146476
22-12-2020,Gujarat,24.0,Dahod,445.0,2814,2658,7,2814,2658,7,237247,221702,4248,237247,221702,4248,23880,27032,329,10099308,9662697,146476
22-12-2020,Gujarat,24.0,Dang,444.0,144,141,0,144,141,0,237247,221702,4248,237247,221702,4248,23880,27032,329,10099308,9662697,146476
22-12-2020,Gujarat,24.0,Devbhumi Dwarka,674.0,1017,960,5,1017,960,5,237247,221702,4248,237247,221702,4248,23880,27032,329,10099308,9662697,146476
22-12-2020,Gujarat,24.0,Gandhinagar,446.0,7857,7362,103,7857,7362,103,237247,221702,4248,237247,221702,4248,23880,27032,329,10099308,9662697,146476
22-12-2020,Gujarat,24.0,Gir Somnath,675.0,2268,2095,24,2268,2095,24,237247,221702,4248,237247,221702,4248,23880,27032,329,10099308,9662697,146476
22-12-2020,Gujarat,24.0,Jamnagar,447.0,10030,9753,35,10030,9753,35,237247,221702,4248,237247,221702,4248,23880,27032,329,10099308,9662697,146476
22-12-2020,Gujarat,24.0,Junagadh,448.0,4751,4454,33,4751,4454,33,237247,221702,4248,237247,221702,4248,23880,27032,329,10099308,9662697,146476
22-12-2020,Gujarat,24.0,Kheda,450.0,2797,2670,16,2797,2670,16,237247,221702,4248,237247,221702,4248,23880,27032,329,10099308,9662697,146476
22-12-2020,Gujarat,24.0,Kutch,449.0,3788,3524,33,3788,3524,33,237247,221702,4248,237247,221702,4248,23880,27032,329,10099308,9662697,146476
22-12-2020,Gujarat,24.0,Mahisagar,669.0,1883,1779,7,1883,1779,7,237247,221702,4248,237247,221702,4248,23880,27032,329,10099308,9662697,146476
22-12-2020,Gujarat,24.0,Mehsana,451.0,6485,6126,37,6485,6126,37,237247,221702,4248,237247,221702,4248,23880,27032,329,10099308,9662697,146476
22-12-2020,Gujarat,24.0,Morbi,673.0,2985,2731,18,2985,2731,18,237247,221702,4248,237247,221702,4248,23880,27032,329,10099308,9662697,146476
22-12-2020,Gujarat,24.0,Narmada,452.0,1896,1769,1,1896,1769,1,237247,221702,4248,237247,221702,4248,23880,27032,329,10099308,9662697,146476
22-12-2020,Gujarat,24.0,Navsari,453.0,1546,1518,8,1546,1518,8,237247,221702,4248,237247,221702,4248,23880,27032,329,10099308,9662697,146476
22-12-2020,Gujarat,24.0,Panchmahal,454.0,3919,3709,21,3919,3709,21,237247,221702,4248,237247,221702,4248,23880,27032,329,10099308,9662697,146476
22-12-2020,Gujarat,24.0,Patan,455.0,4087,3912,52,4087,3912,52,237247,221702,4248,237247,221702,4248,23880,27032,329,10099308,9662697,146476
22-12-2020,Gujarat,24.0,Porbandar,456.0,683,670,4,683,670,4,237247,221702,4248,237247,221702,4248,23880,27032,329,10099308,9662697,146476
22-12-2020,Gujarat,24.0,Rajkot,457.0,19356,17727,188,19356,17727,188,237247,221702,4248,237247,221702,4248,23880,27032,329,10099308,9662697,146476
22-12-2020,Gujarat,24.0,Sabarkantha,458.0,2692,2526,13,2692,2526,13,237247,221702,4248,237247,221702,4248,23880,27032,329,10099308,9662697,146476
22-12-2020,Gujarat,24.0,Surat,459.0,48022,45939,952,48022,45939,952,237247,221702,4248,237247,221702,4248,23880,27032,329,10099308,9662697,146476
22-12-2020,Gujarat,24.0,Surendranagar,460.0,3352,3087,12,3352,3087,12,237247,221702,4248,237247,221702,4248,23880,27032,329,10099308,9662697,146476
22-12-2020,Gujarat,24.0,Tapi,641.0,1017,1000,6,1017,1000,6,237247,221702,4248,237247,221702,4248,23880,27032,329,10099308,9662697,146476
22-12-2020,Gujarat,24.0,Vadodara,461.0,23639,21437,232,23639,21437,232,237247,221702,4248,237247,221702,4248,23880,27032,329,10099308,9662697,146476
22-12-2020,Gujarat,24.0,Valsad,462.0,1344,1320,9,1344,1320,9,237247,221702,4248,237247,221702,4248,23880,27032,329,10099308,9662697,146476
22-12-2020,Himachal Pradesh,2.0,Bilaspur,375.0,2726,2485,23,2726,2485,23,52955,47240,877,52955,47240,877,23880,27032,329,10099308,9662697,146476
22-12-2020,Himachal Pradesh,2.0,Chamba,16.0,2711,2466,48,2711,2466,48,52955,47240,877,52955,47240,877,23880,27032,329,10099308,9662697,146476
22-12-2020,Himachal Pradesh,2.0,Hamirpur,17.0,2671,2405,42,2671,2405,42,52955,47240,877,52955,47240,877,23880,27032,329,10099308,9662697,146476
22-12-2020,Himachal Pradesh,2.0,Kangra,18.0,7296,6241,178,7296,6241,178,52955,47240,877,52955,47240,877,23880,27032,329,10099308,9662697,146476
22-12-2020,Himachal Pradesh,2.0,Kinnaur,19.0,1280,1190,16,1280,1190,16,52955,47240,877,52955,47240,877,23880,27032,329,10099308,9662697,146476
22-12-2020,Himachal Pradesh,2.0,Kullu,20.0,4286,3921,81,4286,3921,81,52955,47240,877,52955,47240,877,23880,27032,329,10099308,9662697,146476
22-12-2020,Himachal Pradesh,2.0,Lahaul and Spiti,21.0,1201,1151,11,1201,1151,11,52955,47240,877,52955,47240,877,23880,27032,329,10099308,9662697,146476
22-12-2020,Himachal Pradesh,2.0,Mandi,22.0,9198,8105,112,9198,8105,112,52955,47240,877,52955,47240,877,23880,27032,329,10099308,9662697,146476
22-12-2020,Himachal Pradesh,2.0,Shimla,23.0,9760,8771,240,9760,8771,240,52955,47240,877,52955,47240,877,23880,27032,329,10099308,9662697,146476
22-12-2020,Himachal Pradesh,2.0,Sirmaur,24.0,3102,2858,27,3102,2858,27,52955,47240,877,52955,47240,877,23880,27032,329,10099308,9662697,146476
22-12-2020,Himachal Pradesh,2.0,Solan,25.0,6131,5243,66,6131,5243,66,52955,47240,877,52955,47240,877,23880,27032,329,10099308,9662697,146476
22-12-2020,Himachal Pradesh,2.0,Una,26.0,2593,2404,33,2593,2404,33,52955,47240,877,52955,47240,877,23880,27032,329,10099308,9662697,146476
22-12-2020,Haryana,6.0,Ambala,58.0,11279,10891,141,11279,10891,141,258731,250502,2842,258731,250502,2842,23880,27032,329,10099308,9662697,146476
22-12-2020,Haryana,6.0,Bhiwani,59.0,6171,5983,136,6171,5983,136,258731,250502,2842,258731,250502,2842,23880,27032,329,10099308,9662697,146476
22-12-2020,Haryana,6.0,Charkhi Dadri,701.0,1463,1376,23,1463,1376,23,258731,250502,2842,258731,250502,2842,23880,27032,329,10099308,9662697,146476
22-12-2020,Haryana,6.0,Faridabad,60.0,45033,43939,397,45033,43939,397,258731,250502,2842,258731,250502,2842,23880,27032,329,10099308,9662697,146476
22-12-2020,Haryana,6.0,Fatehabad,61.0,4616,4378,114,4616,4378,114,258731,250502,2842,258731,250502,2842,23880,27032,329,10099308,9662697,146476
22-12-2020,Haryana,6.0,Gurugram,62.0,55999,54318,341,55999,54318,341,258731,250502,2842,258731,250502,2842,23880,27032,329,10099308,9662697,146476
22-12-2020,Haryana,6.0,Hisar,63.0,16801,16368,313,16801,16368,313,258731,250502,2842,258731,250502,2842,23880,27032,329,10099308,9662697,146476
22-12-2020,Haryana,6.0,Jhajjar,64.0,5731,5531,82,5731,5531,82,258731,250502,2842,258731,250502,2842,23880,27032,329,10099308,9662697,146476
22-12-2020,Haryana,6.0,Jind,65.0,4611,4294,88,4611,4294,88,258731,250502,2842,258731,250502,2842,23880,27032,329,10099308,9662697,146476
22-12-2020,Haryana,6.0,Kaithal,66.0,3714,3604,48,3714,3604,48,258731,250502,2842,258731,250502,2842,23880,27032,329,10099308,9662697,146476
22-12-2020,Haryana,6.0,Karnal,67.0,10579,10158,145,10579,10158,145,258731,250502,2842,258731,250502,2842,23880,27032,329,10099308,9662697,146476
22-12-2020,Haryana,6.0,Kurukshetra,68.0,8455,8079,120,8455,8079,120,258731,250502,2842,258731,250502,2842,23880,27032,329,10099308,9662697,146476
22-12-2020,Haryana,6.0,Mahendragarh,69.0,6550,6455,19,6550,6455,19,258731,250502,2842,258731,250502,2842,23880,27032,329,10099308,9662697,146476
22-12-2020,Haryana,6.0,Nuh,604.0,1662,1618,30,1662,1618,30,258731,250502,2842,258731,250502,2842,23880,27032,329,10099308,9662697,146476
22-12-2020,Haryana,6.0,Palwal,619.0,4324,4260,23,4324,4260,23,258731,250502,2842,258731,250502,2842,23880,27032,329,10099308,9662697,146476
22-12-2020,Haryana,6.0,Panchkula,70.0,9777,9338,139,9777,9338,139,258731,250502,2842,258731,250502,2842,23880,27032,329,10099308,9662697,146476
22-12-2020,Haryana,6.0,Panipat,71.0,10344,9861,145,10344,9861,145,258731,250502,2842,258731,250502,2842,23880,27032,329,10099308,9662697,146476
22-12-2020,Haryana,6.0,Rewari,72.0,11239,10939,73,11239,10939,73,258731,250502,2842,258731,250502,2842,23880,27032,329,10099308,9662697,146476
22-12-2020,Haryana,6.0,Rohtak,73.0,11931,11547,144,11931,11547,144,258731,250502,2842,258731,250502,2842,23880,27032,329,10099308,9662697,146476
22-12-2020,Haryana,6.0,Sirsa,74.0,7865,7663,112,7865,7663,112,258731,250502,2842,258731,250502,2842,23880,27032,329,10099308,9662697,146476
22-12-2020,Haryana,6.0,Sonipat,75.0,14325,13973,77,14325,13973,77,258731,250502,2842,258731,250502,2842,23880,27032,329,10099308,9662697,146476
22-12-2020,Haryana,6.0,Yamunanagar,76.0,6262,5929,132,6262,5929,132,258731,250502,2842,258731,250502,2842,23880,27032,329,10099308,9662697,146476
22-12-2020,Jharkhand,20.0,Bokaro,322.0,6396,6255,59,6396,6255,59,113407,110758,1014,113407,110758,1014,23880,27032,329,10099308,9662697,146476
22-12-2020,Jharkhand,20.0,Chatra,323.0,1392,1355,11,1392,1355,11,113407,110758,1014,113407,110758,1014,23880,27032,329,10099308,9662697,146476
22-12-2020,Jharkhand,20.0,Deoghar,324.0,3575,3536,23,3575,3536,23,113407,110758,1014,113407,110758,1014,23880,27032,329,10099308,9662697,146476
22-12-2020,Jharkhand,20.0,Dhanbad,325.0,7306,7138,102,7306,7138,102,113407,110758,1014,113407,110758,1014,23880,27032,329,10099308,9662697,146476
22-12-2020,Jharkhand,20.0,Dumka,326.0,1360,1338,14,1360,1338,14,113407,110758,1014,113407,110758,1014,23880,27032,329,10099308,9662697,146476
22-12-2020,Jharkhand,20.0,East Singhbhum,327.0,17664,17112,355,17664,17112,355,113407,110758,1014,113407,110758,1014,23880,27032,329,10099308,9662697,146476
22-12-2020,Jharkhand,20.0,Garhwa,328.0,2771,2729,12,2771,2729,12,113407,110758,1014,113407,110758,1014,23880,27032,329,10099308,9662697,146476
22-12-2020,Jharkhand,20.0,Giridih,329.0,3403,3381,14,3403,3381,14,113407,110758,1014,113407,110758,1014,23880,27032,329,10099308,9662697,146476
22-12-2020,Jharkhand,20.0,Godda,330.0,2067,2047,10,2067,2047,10,113407,110758,1014,113407,110758,1014,23880,27032,329,10099308,9662697,146476
22-12-2020,Jharkhand,20.0,Gumla,331.0,2243,2210,4,2243,2210,4,113407,110758,1014,113407,110758,1014,23880,27032,329,10099308,9662697,146476
22-12-2020,Jharkhand,20.0,Hazaribagh,332.0,4329,4218,35,4329,4218,35,113407,110758,1014,113407,110758,1014,23880,27032,329,10099308,9662697,146476
22-12-2020,Jharkhand,20.0,Jamtara,333.0,1237,1210,4,1237,1210,4,113407,110758,1014,113407,110758,1014,23880,27032,329,10099308,9662697,146476
22-12-2020,Jharkhand,20.0,Khunti,606.0,2100,2067,5,2100,2067,5,113407,110758,1014,113407,110758,1014,23880,27032,329,10099308,9662697,146476
22-12-2020,Jharkhand,20.0,Koderma,334.0,3403,3350,28,3403,3350,28,113407,110758,1014,113407,110758,1014,23880,27032,329,10099308,9662697,146476
22-12-2020,Jharkhand,20.0,Latehar,335.0,1864,1845,6,1864,1845,6,113407,110758,1014,113407,110758,1014,23880,27032,329,10099308,9662697,146476
22-12-2020,Jharkhand,20.0,Lohardaga,336.0,1757,1713,10,1757,1713,10,113407,110758,1014,113407,110758,1014,23880,27032,329,10099308,9662697,146476
22-12-2020,Jharkhand,20.0,Pakur,337.0,900,897,2,900,897,2,113407,110758,1014,113407,110758,1014,23880,27032,329,10099308,9662697,146476
22-12-2020,Jharkhand,20.0,Palamu,338.0,3425,3364,20,3425,3364,20,113407,110758,1014,113407,110758,1014,23880,27032,329,10099308,9662697,146476
22-12-2020,Jharkhand,20.0,Ramgarh,607.0,4383,4296,27,4383,4296,27,113407,110758,1014,113407,110758,1014,23880,27032,329,10099308,9662697,146476
22-12-2020,Jharkhand,20.0,Ranchi,339.0,29813,28844,209,29813,28844,209,113407,110758,1014,113407,110758,1014,23880,27032,329,10099308,9662697,146476
22-12-2020,Jharkhand,20.0,Sahibganj,340.0,1628,1594,9,1628,1594,9,113407,110758,1014,113407,110758,1014,23880,27032,329,10099308,9662697,146476
22-12-2020,Jharkhand,20.0,Saraikela-Kharsawan,341.0,3651,3589,12,3651,3589,12,113407,110758,1014,113407,110758,1014,23880,27032,329,10099308,9662697,146476
22-12-2020,Jharkhand,20.0,Simdega,342.0,2001,1988,5,2001,1988,5,113407,110758,1014,113407,110758,1014,23880,27032,329,10099308,9662697,146476
22-12-2020,Jharkhand,20.0,West Singhbhum,343.0,4739,4682,38,4739,4682,38,113407,110758,1014,113407,110758,1014,23880,27032,329,10099308,9662697,146476
22-12-2020,Jammu and Kashmir,1.0,Anantnag,1.0,4748,4545,82,4748,4545,82,118803,113307,1850,118803,113307,1850,23880,27032,329,10099308,9662697,146476
22-12-2020,Jammu and Kashmir,1.0,Bandipora,623.0,4617,4461,58,4617,4461,58,118803,113307,1850,118803,113307,1850,23880,27032,329,10099308,9662697,146476
22-12-2020,Jammu and Kashmir,1.0,Baramulla,3.0,7866,7534,170,7866,7534,170,118803,113307,1850,118803,113307,1850,23880,27032,329,10099308,9662697,146476
22-12-2020,Jammu and Kashmir,1.0,Budgam,2.0,7454,7163,106,7454,7163,106,118803,113307,1850,118803,113307,1850,23880,27032,329,10099308,9662697,146476
22-12-2020,Jammu and Kashmir,1.0,Doda,4.0,3348,3205,61,3348,3205,61,118803,113307,1850,118803,113307,1850,23880,27032,329,10099308,9662697,146476
22-12-2020,Jammu and Kashmir,1.0,Ganderbal,626.0,4431,4277,43,4431,4277,43,118803,113307,1850,118803,113307,1850,23880,27032,329,10099308,9662697,146476
22-12-2020,Jammu and Kashmir,1.0,Jammu,5.0,23051,21853,346,23051,21853,346,118803,113307,1850,118803,113307,1850,23880,27032,329,10099308,9662697,146476
22-12-2020,Jammu and Kashmir,1.0,Kathua,7.0,3121,2989,48,3121,2989,48,118803,113307,1850,118803,113307,1850,23880,27032,329,10099308,9662697,146476
22-12-2020,Jammu and Kashmir,1.0,Kishtwar,620.0,2710,2614,21,2710,2614,21,118803,113307,1850,118803,113307,1850,23880,27032,329,10099308,9662697,146476
22-12-2020,Jammu and Kashmir,1.0,Kulgam,622.0,2644,2524,53,2644,2524,53,118803,113307,1850,118803,113307,1850,23880,27032,329,10099308,9662697,146476
22-12-2020,Jammu and Kashmir,1.0,Kupwara,8.0,5457,5221,89,5457,5221,89,118803,113307,1850,118803,113307,1850,23880,27032,329,10099308,9662697,146476
22-12-2020,Jammu and Kashmir,1.0,Pulwama,11.0,5440,5168,88,5440,5168,88,118803,113307,1850,118803,113307,1850,23880,27032,329,10099308,9662697,146476
22-12-2020,Jammu and Kashmir,1.0,Punch,10.0,2436,2385,22,2436,2385,22,118803,113307,1850,118803,113307,1850,23880,27032,329,10099308,9662697,146476
22-12-2020,Jammu and Kashmir,1.0,Rajouri,12.0,3787,3509,54,3787,3509,54,118803,113307,1850,118803,113307,1850,23880,27032,329,10099308,9662697,146476
22-12-2020,Jammu and Kashmir,1.0,Ramban,621.0,2072,2011,21,2072,2011,21,118803,113307,1850,118803,113307,1850,23880,27032,329,10099308,9662697,146476
22-12-2020,Jammu and Kashmir,1.0,Reasi,627.0,1611,1536,14,1611,1536,14,118803,113307,1850,118803,113307,1850,23880,27032,329,10099308,9662697,146476
22-12-2020,Jammu and Kashmir,1.0,Samba,624.0,2695,2429,37,2695,2429,37,118803,113307,1850,118803,113307,1850,23880,27032,329,10099308,9662697,146476
22-12-2020,Jammu and Kashmir,1.0,Shopiyan,625.0,2462,2337,37,2462,2337,37,118803,113307,1850,118803,113307,1850,23880,27032,329,10099308,9662697,146476
22-12-2020,Jammu and Kashmir,1.0,Srinagar,13.0,24816,23694,443,24816,23694,443,118803,113307,1850,118803,113307,1850,23880,27032,329,10099308,9662697,146476
22-12-2020,Jammu and Kashmir,1.0,Udhampur,14.0,4037,3852,57,4037,3852,57,118803,113307,1850,118803,113307,1850,23880,27032,329,10099308,9662697,146476
22-12-2020,Karnataka,29.0,Bagalkote,524.0,13646,13474,136,13646,13474,136,911382,885341,12029,911382,885341,12029,23880,27032,329,10099308,9662697,146476
22-12-2020,Karnataka,29.0,Ballari,528.0,38729,37882,594,38729,37882,594,911382,885341,12029,911382,885341,12029,23880,27032,329,10099308,9662697,146476
22-12-2020,Karnataka,29.0,Belagavi,527.0,26107,25560,342,26107,25560,342,911382,885341,12029,911382,885341,12029,23880,27032,329,10099308,9662697,146476
22-12-2020,Karnataka,29.0,Bengaluru Rural,526.0,18132,17648,151,18132,17648,151,911382,885341,12029,911382,885341,12029,23880,27032,329,10099308,9662697,146476
22-12-2020,Karnataka,29.0,Bengaluru Urban,525.0,383816,370387,4280,383816,370387,4280,911382,885341,12029,911382,885341,12029,23880,27032,329,10099308,9662697,146476
22-12-2020,Karnataka,29.0,Bidar,529.0,7209,6964,170,7209,6964,170,911382,885341,12029,911382,885341,12029,23880,27032,329,10099308,9662697,146476
22-12-2020,Karnataka,29.0,Chamarajanagara,531.0,6673,6434,119,6673,6434,119,911382,885341,12029,911382,885341,12029,23880,27032,329,10099308,9662697,146476
22-12-2020,Karnataka,29.0,Chikkaballapura,630.0,12769,12425,116,12769,12425,116,911382,885341,12029,911382,885341,12029,23880,27032,329,10099308,9662697,146476
22-12-2020,Karnataka,29.0,Chikkamagaluru,532.0,13604,13339,139,13604,13339,139,911382,885341,12029,911382,885341,12029,23880,27032,329,10099308,9662697,146476
22-12-2020,Karnataka,29.0,Chitradurga,533.0,14134,13872,68,14134,13872,68,911382,885341,12029,911382,885341,12029,23880,27032,329,10099308,9662697,146476
22-12-2020,Karnataka,29.0,Dakshina Kannada,534.0,32659,31556,734,32659,31556,734,911382,885341,12029,911382,885341,12029,23880,27032,329,10099308,9662697,146476
22-12-2020,Karnataka,29.0,Davanagere,535.0,21925,21519,264,21925,21519,264,911382,885341,12029,911382,885341,12029,23880,27032,329,10099308,9662697,146476
22-12-2020,Karnataka,29.0,Dharwad,536.0,21755,21019,606,21755,21019,606,911382,885341,12029,911382,885341,12029,23880,27032,329,10099308,9662697,146476
22-12-2020,Karnataka,29.0,Gadag,537.0,10867,10698,141,10867,10698,141,911382,885341,12029,911382,885341,12029,23880,27032,329,10099308,9662697,146476
22-12-2020,Karnataka,29.0,Hassan,539.0,27789,27134,391,27789,27134,391,911382,885341,12029,911382,885341,12029,23880,27032,329,10099308,9662697,146476
22-12-2020,Karnataka,29.0,Haveri,540.0,10942,10705,190,10942,10705,190,911382,885341,12029,911382,885341,12029,23880,27032,329,10099308,9662697,146476
22-12-2020,Karnataka,29.0,Kalaburagi,538.0,20933,20381,322,20933,20381,322,911382,885341,12029,911382,885341,12029,23880,27032,329,10099308,9662697,146476
22-12-2020,Karnataka,29.0,Kodagu,541.0,5649,5442,71,5649,5442,71,911382,885341,12029,911382,885341,12029,23880,27032,329,10099308,9662697,146476
22-12-2020,Karnataka,29.0,Kolar,542.0,9610,9314,174,9610,9314,174,911382,885341,12029,911382,885341,12029,23880,27032,329,10099308,9662697,146476
22-12-2020,Karnataka,29.0,Koppal,543.0,13832,13459,279,13832,13459,279,911382,885341,12029,911382,885341,12029,23880,27032,329,10099308,9662697,146476
22-12-2020,Karnataka,29.0,Mandya,544.0,19269,18913,147,19269,18913,147,911382,885341,12029,911382,885341,12029,23880,27032,329,10099308,9662697,146476
22-12-2020,Karnataka,29.0,Mysuru,545.0,51914,50464,1006,51914,50464,1006,911382,885341,12029,911382,885341,12029,23880,27032,329,10099308,9662697,146476
22-12-2020,Karnataka,29.0,Raichur,546.0,14116,13841,158,14116,13841,158,911382,885341,12029,911382,885341,12029,23880,27032,329,10099308,9662697,146476
22-12-2020,Karnataka,29.0,Ramanagara,631.0,7355,7225,76,7355,7225,76,911382,885341,12029,911382,885341,12029,23880,27032,329,10099308,9662697,146476
22-12-2020,Karnataka,29.0,Shivamogga,547.0,21899,21370,348,21899,21370,348,911382,885341,12029,911382,885341,12029,23880,27032,329,10099308,9662697,146476
22-12-2020,Karnataka,29.0,Tumakuru,548.0,24260,23495,376,24260,23495,376,911382,885341,12029,911382,885341,12029,23880,27032,329,10099308,9662697,146476
22-12-2020,Karnataka,29.0,Udupi,549.0,22976,22710,188,22976,22710,188,911382,885341,12029,911382,885341,12029,23880,27032,329,10099308,9662697,146476
22-12-2020,Karnataka,29.0,Uttara Kannada,550.0,14134,13854,175,14134,13854,175,911382,885341,12029,911382,885341,12029,23880,27032,329,10099308,9662697,146476
22-12-2020,Karnataka,29.0,Vijayapura,530.0,14082,13768,204,14082,13768,204,911382,885341,12029,911382,885341,12029,23880,27032,329,10099308,9662697,146476
22-12-2020,Karnataka,29.0,Yadgir,635.0,10561,10456,61,10561,10456,61,911382,885341,12029,911382,885341,12029,23880,27032,329,10099308,9662697,146476
22-12-2020,Kerala,32.0,Alappuzha,554.0,54351,50524,227,54351,50524,227,715342,650836,2871,715342,650836,2871,23880,27032,329,10099308,9662697,146476
22-12-2020,Kerala,32.0,Ernakulam,555.0,77763,69219,294,77763,69219,294,715342,650836,2871,715342,650836,2871,23880,27032,329,10099308,9662697,146476
22-12-2020,Kerala,32.0,Idukki,556.0,15162,12108,15,15162,12108,15,715342,650836,2871,715342,650836,2871,23880,27032,329,10099308,9662697,146476
22-12-2020,Kerala,32.0,Kannur,557.0,37752,34148,188,37752,34148,188,715342,650836,2871,715342,650836,2871,23880,27032,329,10099308,9662697,146476
22-12-2020,Kerala,32.0,Kasaragod,558.0,23596,21831,82,23596,21831,82,715342,650836,2871,715342,650836,2871,23880,27032,329,10099308,9662697,146476
22-12-2020,Kerala,32.0,Kollam,559.0,55382,52032,207,55382,52032,207,715342,650836,2871,715342,650836,2871,23880,27032,329,10099308,9662697,146476
22-12-2020,Kerala,32.0,Kottayam,560.0,46709,40110,136,46709,40110,136,715342,650836,2871,715342,650836,2871,23880,27032,329,10099308,9662697,146476
22-12-2020,Kerala,32.0,Kozhikode,561.0,81403,75685,269,81403,75685,269,715342,650836,2871,715342,650836,2871,23880,27032,329,10099308,9662697,146476
22-12-2020,Kerala,32.0,Malappuram,562.0,86433,80925,313,86433,80925,313,715342,650836,2871,715342,650836,2871,23880,27032,329,10099308,9662697,146476
22-12-2020,Kerala,32.0,Palakkad,563.0,45612,40293,118,45612,40293,118,715342,650836,2871,715342,650836,2871,23880,27032,329,10099308,9662697,146476
22-12-2020,Kerala,32.0,Pathanamthitta,564.0,26701,22253,44,26701,22253,44,715342,650836,2871,715342,650836,2871,23880,27032,329,10099308,9662697,146476
22-12-2020,Kerala,32.0,Thiruvananthapuram,565.0,79002,75029,622,79002,75029,622,715342,650836,2871,715342,650836,2871,23880,27032,329,10099308,9662697,146476
22-12-2020,Kerala,32.0,Thrissur,566.0,70336,64023,310,70336,64023,310,715342,650836,2871,715342,650836,2871,23880,27032,329,10099308,9662697,146476
22-12-2020,Kerala,32.0,Wayanad,567.0,15140,12656,46,15140,12656,46,715342,650836,2871,715342,650836,2871,23880,27032,329,10099308,9662697,146476
22-12-2020,Ladakh,37.0,Kargil,6.0,2085,2011,43,2085,2011,43,9296,8901,125,9296,8901,125,23880,27032,329,10099308,9662697,146476
22-12-2020,Ladakh,37.0,Leh,9.0,7211,6890,82,7211,6890,82,9296,8901,125,9296,8901,125,23880,27032,329,10099308,9662697,146476
22-12-2020,Maharashtra,27.0,Ahmednagar,466.0,67938,65464,1024,67938,65464,1024,1902458,1794080,48876,1902458,1794080,48876,23880,27032,329,10099308,9662697,146476
22-12-2020,Maharashtra,27.0,Akola,467.0,10292,9434,342,10292,9434,342,1902458,1794080,48876,1902458,1794080,48876,23880,27032,329,10099308,9662697,146476
22-12-2020,Maharashtra,27.0,Amravati,468.0,19477,18720,377,19477,18720,377,1902458,1794080,48876,1902458,1794080,48876,23880,27032,329,10099308,9662697,146476
22-12-2020,Maharashtra,27.0,Aurangabad,189.0,47281,45102,1181,47281,45102,1181,1902458,1794080,48876,1902458,1794080,48876,23880,27032,329,10099308,9662697,146476
22-12-2020,Maharashtra,27.0,Beed,470.0,16787,15909,518,16787,15909,518,1902458,1794080,48876,1902458,1794080,48876,23880,27032,329,10099308,9662697,146476
22-12-2020,Maharashtra,27.0,Bhandara,471.0,12371,11455,260,12371,11455,260,1902458,1794080,48876,1902458,1794080,48876,23880,27032,329,10099308,9662697,146476
22-12-2020,Maharashtra,27.0,Buldhana,472.0,13311,12236,215,13311,12236,215,1902458,1794080,48876,1902458,1794080,48876,23880,27032,329,10099308,9662697,146476
22-12-2020,Maharashtra,27.0,Chandrapur,473.0,22842,21572,378,22842,21572,378,1902458,1794080,48876,1902458,1794080,48876,23880,27032,329,10099308,9662697,146476
22-12-2020,Maharashtra,27.0,Dhule,474.0,15480,14809,343,15480,14809,343,1902458,1794080,48876,1902458,1794080,48876,23880,27032,329,10099308,9662697,146476
22-12-2020,Maharashtra,27.0,Gadchiroli,475.0,8351,7972,84,8351,7972,84,1902458,1794080,48876,1902458,1794080,48876,23880,27032,329,10099308,9662697,146476
22-12-2020,Maharashtra,27.0,Gondia,476.0,13507,12955,146,13507,12955,146,1902458,1794080,48876,1902458,1794080,48876,23880,27032,329,10099308,9662697,146476
22-12-2020,Maharashtra,27.0,Hingoli,477.0,4119,3969,95,4119,3969,95,1902458,1794080,48876,1902458,1794080,48876,23880,27032,329,10099308,9662697,146476
22-12-2020,Maharashtra,27.0,Jalgaon,478.0,55660,53612,1434,55660,53612,1434,1902458,1794080,48876,1902458,1794080,48876,23880,27032,329,10099308,9662697,146476
22-12-2020,Maharashtra,27.0,Jalna,479.0,12582,12032,333,12582,12032,333,1902458,1794080,48876,1902458,1794080,48876,23880,27032,329,10099308,9662697,146476
22-12-2020,Maharashtra,27.0,Kolhapur,480.0,49020,46763,1657,49020,46763,1657,1902458,1794080,48876,1902458,1794080,48876,23880,27032,329,10099308,9662697,146476
22-12-2020,Maharashtra,27.0,Latur,481.0,23024,21869,674,23024,21869,674,1902458,1794080,48876,1902458,1794080,48876,23880,27032,329,10099308,9662697,146476
22-12-2020,Maharashtra,27.0,Mumbai,482.0,287816,268297,11019,287816,268297,11019,1902458,1794080,48876,1902458,1794080,48876,23880,27032,329,10099308,9662697,146476
22-12-2020,Maharashtra,27.0,Nagpur,484.0,122209,114912,3147,122209,114912,3147,1902458,1794080,48876,1902458,1794080,48876,23880,27032,329,10099308,9662697,146476
22-12-2020,Maharashtra,27.0,Nanded,485.0,21014,19836,645,21014,19836,645,1902458,1794080,48876,1902458,1794080,48876,23880,27032,329,10099308,9662697,146476
22-12-2020,Maharashtra,27.0,Nandurbar,486.0,7788,7175,166,7788,7175,166,1902458,1794080,48876,1902458,1794080,48876,23880,27032,329,10099308,9662697,146476
22-12-2020,Maharashtra,27.0,Nashik,487.0,112921,108743,1847,112921,108743,1847,1902458,1794080,48876,1902458,1794080,48876,23880,27032,329,10099308,9662697,146476
22-12-2020,Maharashtra,27.0,Osmanabad,488.0,16709,15918,534,16709,15918,534,1902458,1794080,48876,1902458,1794080,48876,23880,27032,329,10099308,9662697,146476
22-12-2020,Maharashtra,27.0,Palghar,665.0,46378,45246,902,46378,45246,902,1902458,1794080,48876,1902458,1794080,48876,23880,27032,329,10099308,9662697,146476
22-12-2020,Maharashtra,27.0,Parbhani,489.0,7496,7006,276,7496,7006,276,1902458,1794080,48876,1902458,1794080,48876,23880,27032,329,10099308,9662697,146476
22-12-2020,Maharashtra,27.0,Pune,490.0,367826,342646,7699,367826,342646,7699,1902458,1794080,48876,1902458,1794080,48876,23880,27032,329,10099308,9662697,146476
22-12-2020,Maharashtra,27.0,Raigad,491.0,65717,63126,1467,65717,63126,1467,1902458,1794080,48876,1902458,1794080,48876,23880,27032,329,10099308,9662697,146476
22-12-2020,Maharashtra,27.0,Ratnagiri,492.0,11059,10232,373,11059,10232,373,1902458,1794080,48876,1902458,1794080,48876,23880,27032,329,10099308,9662697,146476
22-12-2020,Maharashtra,27.0,Sangli,493.0,49939,47906,1763,49939,47906,1763,1902458,1794080,48876,1902458,1794080,48876,23880,27032,329,10099308,9662697,146476
22-12-2020,Maharashtra,27.0,Satara,494.0,53987,51227,1737,53987,51227,1737,1902458,1794080,48876,1902458,1794080,48876,23880,27032,329,10099308,9662697,146476
22-12-2020,Maharashtra,27.0,Sindhudurg,495.0,5925,5322,154,5925,5322,154,1902458,1794080,48876,1902458,1794080,48876,23880,27032,329,10099308,9662697,146476
22-12-2020,Maharashtra,27.0,Solapur,496.0,52584,49806,1726,52584,49806,1726,1902458,1794080,48876,1902458,1794080,48876,23880,27032,329,10099308,9662697,146476
22-12-2020,Maharashtra,27.0,Thane,497.0,250980,235570,5509,250980,235570,5509,1902458,1794080,48876,1902458,1794080,48876,23880,27032,329,10099308,9662697,146476
22-12-2020,Maharashtra,27.0,Wardha,498.0,9143,8429,243,9143,8429,243,1902458,1794080,48876,1902458,1794080,48876,23880,27032,329,10099308,9662697,146476
22-12-2020,Maharashtra,27.0,Washim,499.0,6685,6315,148,6685,6315,148,1902458,1794080,48876,1902458,1794080,48876,23880,27032,329,10099308,9662697,146476
22-12-2020,Maharashtra,27.0,Yavatmal,500.0,13385,12495,392,13385,12495,392,1902458,1794080,48876,1902458,1794080,48876,23880,27032,329,10099308,9662697,146476
22-12-2020,Meghalaya,17.0,East Garo Hills,273.0,338,332,1,338,332,1,13299,12735,134,13299,12735,134,23880,27032,329,10099308,9662697,146476
22-12-2020,Meghalaya,17.0,East Jaintia Hills,657.0,526,523,0,526,523,0,13299,12735,134,13299,12735,134,23880,27032,329,10099308,9662697,146476
22-12-2020,Meghalaya,17.0,East Khasi Hills,274.0,8180,7779,108,8180,7779,108,13299,12735,134,13299,12735,134,23880,27032,329,10099308,9662697,146476
22-12-2020,Meghalaya,17.0,North Garo Hills,656.0,116,111,2,116,111,2,13299,12735,134,13299,12735,134,23880,27032,329,10099308,9662697,146476
22-12-2020,Meghalaya,17.0,Ribhoi,276.0,1339,1306,2,1339,1306,2,13299,12735,134,13299,12735,134,23880,27032,329,10099308,9662697,146476
22-12-2020,Meghalaya,17.0,South Garo Hills,277.0,198,193,1,198,193,1,13299,12735,134,13299,12735,134,23880,27032,329,10099308,9662697,146476
22-12-2020,Meghalaya,17.0,South West Garo Hills,663.0,195,188,2,195,188,2,13299,12735,134,13299,12735,134,23880,27032,329,10099308,9662697,146476
22-12-2020,Meghalaya,17.0,South West Khasi Hills,658.0,57,57,0,57,57,0,13299,12735,134,13299,12735,134,23880,27032,329,10099308,9662697,146476
22-12-2020,Meghalaya,17.0,West Garo Hills,278.0,1701,1656,16,1701,1656,16,13299,12735,134,13299,12735,134,23880,27032,329,10099308,9662697,146476
22-12-2020,Meghalaya,17.0,West Jaintia Hills,275.0,477,424,1,477,424,1,13299,12735,134,13299,12735,134,23880,27032,329,10099308,9662697,146476
22-12-2020,Meghalaya,17.0,West Khasi Hills,279.0,172,166,1,172,166,1,13299,12735,134,13299,12735,134,23880,27032,329,10099308,9662697,146476
22-12-2020,Manipur,14.0,Unknown,,27723,25928,337,27723,25928,337,27723,25928,337,27723,25928,337,23880,27032,329,10099308,9662697,146476
22-12-2020,Madhya Pradesh,23.0,Agar Malwa,667.0,610,575,10,610,575,10,233324,218828,3502,233324,218828,3502,23880,27032,329,10099308,9662697,146476
22-12-2020,Madhya Pradesh,23.0,Alirajpur,639.0,1218,1139,13,1218,1139,13,233324,218828,3502,233324,218828,3502,23880,27032,329,10099308,9662697,146476
22-12-2020,Madhya Pradesh,23.0,Anuppur,390.0,1978,1937,14,1978,1937,14,233324,218828,3502,233324,218828,3502,23880,27032,329,10099308,9662697,146476
22-12-2020,Madhya Pradesh,23.0,Ashoknagar,391.0,1056,967,16,1056,967,16,233324,218828,3502,233324,218828,3502,23880,27032,329,10099308,9662697,146476
22-12-2020,Madhya Pradesh,23.0,Balaghat,392.0,2936,2793,13,2936,2793,13,233324,218828,3502,233324,218828,3502,23880,27032,329,10099308,9662697,146476
22-12-2020,Madhya Pradesh,23.0,Barwani,393.0,2626,2481,22,2626,2481,22,233324,218828,3502,233324,218828,3502,23880,27032,329,10099308,9662697,146476
22-12-2020,Madhya Pradesh,23.0,Betul,394.0,3125,2975,66,3125,2975,66,233324,218828,3502,233324,218828,3502,23880,27032,329,10099308,9662697,146476
22-12-2020,Madhya Pradesh,23.0,Bhind,395.0,1437,1403,10,1437,1403,10,233324,218828,3502,233324,218828,3502,23880,27032,329,10099308,9662697,146476
22-12-2020,Madhya Pradesh,23.0,Bhopal,396.0,37618,34954,559,37618,34954,559,233324,218828,3502,233324,218828,3502,23880,27032,329,10099308,9662697,146476
22-12-2020,Madhya Pradesh,23.0,Burhanpur,397.0,841,805,27,841,805,27,233324,218828,3502,233324,218828,3502,23880,27032,329,10099308,9662697,146476
22-12-2020,Madhya Pradesh,23.0,Chhatarpur,398.0,1964,1858,32,1964,1858,32,233324,218828,3502,233324,218828,3502,23880,27032,329,10099308,9662697,146476
22-12-2020,Madhya Pradesh,23.0,Chhindwara,399.0,2611,2548,40,2611,2548,40,233324,218828,3502,233324,218828,3502,23880,27032,329,10099308,9662697,146476
22-12-2020,Madhya Pradesh,23.0,Damoh,400.0,2560,2352,74,2560,2352,74,233324,218828,3502,233324,218828,3502,23880,27032,329,10099308,9662697,146476
22-12-2020,Madhya Pradesh,23.0,Datia,401.0,1787,1683,20,1787,1683,20,233324,218828,3502,233324,218828,3502,23880,27032,329,10099308,9662697,146476
22-12-2020,Madhya Pradesh,23.0,Dewas,402.0,2663,2542,26,2663,2542,26,233324,218828,3502,233324,218828,3502,23880,27032,329,10099308,9662697,146476
22-12-2020,Madhya Pradesh,23.0,Dhar,403.0,3697,3490,54,3697,3490,54,233324,218828,3502,233324,218828,3502,23880,27032,329,10099308,9662697,146476
22-12-2020,Madhya Pradesh,23.0,Dindori,404.0,933,920,1,933,920,1,233324,218828,3502,233324,218828,3502,23880,27032,329,10099308,9662697,146476
22-12-2020,Madhya Pradesh,23.0,Guna,406.0,1395,1285,23,1395,1285,23,233324,218828,3502,233324,218828,3502,23880,27032,329,10099308,9662697,146476
22-12-2020,Madhya Pradesh,23.0,Gwalior,407.0,15663,15115,192,15663,15115,192,233324,218828,3502,233324,218828,3502,23880,27032,329,10099308,9662697,146476
22-12-2020,Madhya Pradesh,23.0,Harda,408.0,1981,1900,31,1981,1900,31,233324,218828,3502,233324,218828,3502,23880,27032,329,10099308,9662697,146476
22-12-2020,Madhya Pradesh,23.0,Hoshangabad,409.0,3489,3367,58,3489,3367,58,233324,218828,3502,233324,218828,3502,23880,27032,329,10099308,9662697,146476
22-12-2020,Madhya Pradesh,23.0,Indore,410.0,52296,47359,844,52296,47359,844,233324,218828,3502,233324,218828,3502,23880,27032,329,10099308,9662697,146476
22-12-2020,Madhya Pradesh,23.0,Jabalpur,411.0,15146,14490,236,15146,14490,236,233324,218828,3502,233324,218828,3502,23880,27032,329,10099308,9662697,146476
22-12-2020,Madhya Pradesh,23.0,Jhabua,412.0,2261,2111,26,2261,2111,26,233324,218828,3502,233324,218828,3502,23880,27032,329,10099308,9662697,146476
22-12-2020,Madhya Pradesh,23.0,Katni,413.0,2065,1988,16,2065,1988,16,233324,218828,3502,233324,218828,3502,23880,27032,329,10099308,9662697,146476
22-12-2020,Madhya Pradesh,23.0,Khandwa,405.0,2189,2062,62,2189,2062,62,233324,218828,3502,233324,218828,3502,23880,27032,329,10099308,9662697,146476
22-12-2020,Madhya Pradesh,23.0,Khargone,414.0,4845,4568,90,4845,4568,90,233324,218828,3502,233324,218828,3502,23880,27032,329,10099308,9662697,146476
22-12-2020,Madhya Pradesh,23.0,Mandla,415.0,1160,1121,10,1160,1121,10,233324,218828,3502,233324,218828,3502,23880,27032,329,10099308,9662697,146476
22-12-2020,Madhya Pradesh,23.0,Mandsaur,416.0,2532,2388,33,2532,2388,33,233324,218828,3502,233324,218828,3502,23880,27032,329,10099308,9662697,146476
22-12-2020,Madhya Pradesh,23.0,Morena,417.0,3179,3123,26,3179,3123,26,233324,218828,3502,233324,218828,3502,23880,27032,329,10099308,9662697,146476
22-12-2020,Madhya Pradesh,23.0,Narsinghpur,418.0,3337,3276,27,3337,3276,27,233324,218828,3502,233324,218828,3502,23880,27032,329,10099308,9662697,146476
22-12-2020,Madhya Pradesh,23.0,Neemuch,419.0,2836,2713,37,2836,2713,37,233324,218828,3502,233324,218828,3502,23880,27032,329,10099308,9662697,146476
22-12-2020,Madhya Pradesh,23.0,Niwari,722.0,599,584,2,599,584,2,233324,218828,3502,233324,218828,3502,23880,27032,329,10099308,9662697,146476
22-12-2020,Madhya Pradesh,23.0,Panna,420.0,996,950,4,996,950,4,233324,218828,3502,233324,218828,3502,23880,27032,329,10099308,9662697,146476
22-12-2020,Madhya Pradesh,23.0,Raisen,421.0,2288,2193,42,2288,2193,42,233324,218828,3502,233324,218828,3502,23880,27032,329,10099308,9662697,146476
22-12-2020,Madhya Pradesh,23.0,Rajgarh,422.0,2212,2032,59,2212,2032,59,233324,218828,3502,233324,218828,3502,23880,27032,329,10099308,9662697,146476
22-12-2020,Madhya Pradesh,23.0,Ratlam,423.0,4166,3845,74,4166,3845,74,233324,218828,3502,233324,218828,3502,23880,27032,329,10099308,9662697,146476
22-12-2020,Madhya Pradesh,23.0,Rewa,424.0,3706,3479,33,3706,3479,33,233324,218828,3502,233324,218828,3502,23880,27032,329,10099308,9662697,146476
22-12-2020,Madhya Pradesh,23.0,Sagar,425.0,4829,4489,145,4829,4489,145,233324,218828,3502,233324,218828,3502,23880,27032,329,10099308,9662697,146476
22-12-2020,Madhya Pradesh,23.0,Satna,426.0,3140,2970,41,3140,2970,41,233324,218828,3502,233324,218828,3502,23880,27032,329,10099308,9662697,146476
22-12-2020,Madhya Pradesh,23.0,Sehore,427.0,2591,2459,48,2591,2459,48,233324,218828,3502,233324,218828,3502,23880,27032,329,10099308,9662697,146476
22-12-2020,Madhya Pradesh,23.0,Seoni,428.0,1454,1399,10,1454,1399,10,233324,218828,3502,233324,218828,3502,23880,27032,329,10099308,9662697,146476
22-12-2020,Madhya Pradesh,23.0,Shahdol,429.0,2881,2782,30,2881,2782,30,233324,218828,3502,233324,218828,3502,23880,27032,329,10099308,9662697,146476
22-12-2020,Madhya Pradesh,23.0,Shajapur,430.0,1633,1544,22,1633,1544,22,233324,218828,3502,233324,218828,3502,23880,27032,329,10099308,9662697,146476
22-12-2020,Madhya Pradesh,23.0,Sheopur,431.0,1375,1300,14,1375,1300,14,233324,218828,3502,233324,218828,3502,23880,27032,329,10099308,9662697,146476
22-12-2020,Madhya Pradesh,23.0,Shivpuri,432.0,3438,3342,28,3438,3342,28,233324,218828,3502,233324,218828,3502,23880,27032,329,10099308,9662697,146476
22-12-2020,Madhya Pradesh,23.0,Sidhi,433.0,1908,1812,13,1908,1812,13,233324,218828,3502,233324,218828,3502,23880,27032,329,10099308,9662697,146476
22-12-2020,Madhya Pradesh,23.0,Singrauli,638.0,1826,1724,26,1826,1724,26,233324,218828,3502,233324,218828,3502,23880,27032,329,10099308,9662697,146476
22-12-2020,Madhya Pradesh,23.0,Tikamgarh,434.0,1227,1152,27,1227,1152,27,233324,218828,3502,233324,218828,3502,23880,27032,329,10099308,9662697,146476
22-12-2020,Madhya Pradesh,23.0,Ujjain,435.0,4473,4153,101,4473,4153,101,233324,218828,3502,233324,218828,3502,23880,27032,329,10099308,9662697,146476
22-12-2020,Madhya Pradesh,23.0,Umaria,436.0,1194,1146,16,1194,1146,16,233324,218828,3502,233324,218828,3502,23880,27032,329,10099308,9662697,146476
22-12-2020,Madhya Pradesh,23.0,Vidisha,437.0,3354,3185,59,3354,3185,59,233324,218828,3502,233324,218828,3502,23880,27032,329,10099308,9662697,146476
22-12-2020,Mizoram,15.0,Aizawl,261.0,2709,2642,7,2709,2642,7,4133,3986,7,4133,3986,7,23880,27032,329,10099308,9662697,146476
22-12-2020,Mizoram,15.0,Champhai,262.0,94,90,0,94,90,0,4133,3986,7,4133,3986,7,23880,27032,329,10099308,9662697,146476
22-12-2020,Mizoram,15.0,Kolasib,263.0,283,274,0,283,274,0,4133,3986,7,4133,3986,7,23880,27032,329,10099308,9662697,146476
22-12-2020,Mizoram,15.0,Lawngtlai,264.0,311,287,0,311,287,0,4133,3986,7,4133,3986,7,23880,27032,329,10099308,9662697,146476
22-12-2020,Mizoram,15.0,Lunglei,265.0,377,341,0,377,341,0,4133,3986,7,4133,3986,7,23880,27032,329,10099308,9662697,146476
22-12-2020,Mizoram,15.0,Mamit,266.0,82,82,0,82,82,0,4133,3986,7,4133,3986,7,23880,27032,329,10099308,9662697,146476
22-12-2020,Mizoram,15.0,Saiha,267.0,35,35,0,35,35,0,4133,3986,7,4133,3986,7,23880,27032,329,10099308,9662697,146476
22-12-2020,Mizoram,15.0,Serchhip,268.0,176,172,0,176,172,0,4133,3986,7,4133,3986,7,23880,27032,329,10099308,9662697,146476
22-12-2020,Nagaland,13.0,Dimapur,244.0,6374,6128,49,6374,6128,49,11866,11244,76,11866,11244,76,23880,27032,329,10099308,9662697,146476
22-12-2020,Nagaland,13.0,Kiphire,614.0,39,34,1,39,34,1,11866,11244,76,11866,11244,76,23880,27032,329,10099308,9662697,146476
22-12-2020,Nagaland,13.0,Kohima,245.0,3694,3440,21,3694,3440,21,11866,11244,76,11866,11244,76,23880,27032,329,10099308,9662697,146476
22-12-2020,Nagaland,13.0,Longleng,615.0,18,9,0,18,9,0,11866,11244,76,11866,11244,76,23880,27032,329,10099308,9662697,146476
22-12-2020,Nagaland,13.0,Mokokchung,246.0,169,116,1,169,116,1,11866,11244,76,11866,11244,76,23880,27032,329,10099308,9662697,146476
22-12-2020,Nagaland,13.0,Mon,247.0,603,579,2,603,579,2,11866,11244,76,11866,11244,76,23880,27032,329,10099308,9662697,146476
22-12-2020,Nagaland,13.0,Peren,613.0,498,480,0,498,480,0,11866,11244,76,11866,11244,76,23880,27032,329,10099308,9662697,146476
22-12-2020,Nagaland,13.0,Phek,248.0,46,44,0,46,44,0,11866,11244,76,11866,11244,76,23880,27032,329,10099308,9662697,146476
22-12-2020,Nagaland,13.0,Tuensang,249.0,244,240,1,244,240,1,11866,11244,76,11866,11244,76,23880,27032,329,10099308,9662697,146476
22-12-2020,Nagaland,13.0,Wokha,250.0,39,35,1,39,35,1,11866,11244,76,11866,11244,76,23880,27032,329,10099308,9662697,146476
22-12-2020,Nagaland,13.0,Zunheboto,251.0,142,139,0,142,139,0,11866,11244,76,11866,11244,76,23880,27032,329,10099308,9662697,146476
22-12-2020,Odisha,21.0,Angul,344.0,10635,10354,37,10635,10354,37,326915,322344,1896,326915,322344,1896,23880,27032,329,10099308,9662697,146476
22-12-2020,Odisha,21.0,Balangir,345.0,8349,8224,38,8349,8224,38,326915,322344,1896,326915,322344,1896,23880,27032,329,10099308,9662697,146476
22-12-2020,Odisha,21.0,Balasore,346.0,11912,11674,95,11912,11674,95,326915,322344,1896,326915,322344,1896,23880,27032,329,10099308,9662697,146476
22-12-2020,Odisha,21.0,Bargarh,347.0,10022,9884,40,10022,9884,40,326915,322344,1896,326915,322344,1896,23880,27032,329,10099308,9662697,146476
22-12-2020,Odisha,21.0,Bhadrak,348.0,7357,7313,28,7357,7313,28,326915,322344,1896,326915,322344,1896,23880,27032,329,10099308,9662697,146476
22-12-2020,Odisha,21.0,Boudh,349.0,2761,2744,11,2761,2744,11,326915,322344,1896,326915,322344,1896,23880,27032,329,10099308,9662697,146476
22-12-2020,Odisha,21.0,Cuttack,350.0,28560,28199,142,28560,28199,142,326915,322344,1896,326915,322344,1896,23880,27032,329,10099308,9662697,146476
22-12-2020,Odisha,21.0,Deogarh,351.0,1255,1235,5,1255,1235,5,326915,322344,1896,326915,322344,1896,23880,27032,329,10099308,9662697,146476
22-12-2020,Odisha,21.0,Dhenkanal,352.0,5688,5643,28,5688,5643,28,326915,322344,1896,326915,322344,1896,23880,27032,329,10099308,9662697,146476
22-12-2020,Odisha,21.0,Gajapati,353.0,3973,3925,33,3973,3925,33,326915,322344,1896,326915,322344,1896,23880,27032,329,10099308,9662697,146476
22-12-2020,Odisha,21.0,Ganjam,354.0,21773,21499,254,21773,21499,254,326915,322344,1896,326915,322344,1896,23880,27032,329,10099308,9662697,146476
22-12-2020,Odisha,21.0,Jagatsinghpur,355.0,9043,8938,38,9043,8938,38,326915,322344,1896,326915,322344,1896,23880,27032,329,10099308,9662697,146476
22-12-2020,Odisha,21.0,Jajpur,356.0,11837,11724,26,11837,11724,26,326915,322344,1896,326915,322344,1896,23880,27032,329,10099308,9662697,146476
22-12-2020,Odisha,21.0,Jharsuguda,357.0,7401,7303,26,7401,7303,26,326915,322344,1896,326915,322344,1896,23880,27032,329,10099308,9662697,146476
22-12-2020,Odisha,21.0,Kalahandi,358.0,6265,6189,28,6265,6189,28,326915,322344,1896,326915,322344,1896,23880,27032,329,10099308,9662697,146476
22-12-2020,Odisha,21.0,Kandhamal,359.0,5921,5881,33,5921,5881,33,326915,322344,1896,326915,322344,1896,23880,27032,329,10099308,9662697,146476
22-12-2020,Odisha,21.0,Kendrapara,360.0,8922,8777,29,8922,8777,29,326915,322344,1896,326915,322344,1896,23880,27032,329,10099308,9662697,146476
22-12-2020,Odisha,21.0,Kendujhar,361.0,7782,7680,37,7782,7680,37,326915,322344,1896,326915,322344,1896,23880,27032,329,10099308,9662697,146476
22-12-2020,Odisha,21.0,Khordha,362.0,52464,51905,324,52464,51905,324,326915,322344,1896,326915,322344,1896,23880,27032,329,10099308,9662697,146476
22-12-2020,Odisha,21.0,Koraput,363.0,7845,7780,16,7845,7780,16,326915,322344,1896,326915,322344,1896,23880,27032,329,10099308,9662697,146476
22-12-2020,Odisha,21.0,Malkangiri,364.0,5218,5166,27,5218,5166,27,326915,322344,1896,326915,322344,1896,23880,27032,329,10099308,9662697,146476
22-12-2020,Odisha,21.0,Mayurbhanj,365.0,13745,13564,91,13745,13564,91,326915,322344,1896,326915,322344,1896,23880,27032,329,10099308,9662697,146476
22-12-2020,Odisha,21.0,Nabarangapur,366.0,5782,5741,15,5782,5741,15,326915,322344,1896,326915,322344,1896,23880,27032,329,10099308,9662697,146476
22-12-2020,Odisha,21.0,Nayagarh,367.0,6422,6371,46,6422,6371,46,326915,322344,1896,326915,322344,1896,23880,27032,329,10099308,9662697,146476
22-12-2020,Odisha,21.0,Nuapada,368.0,7224,7103,26,7224,7103,26,326915,322344,1896,326915,322344,1896,23880,27032,329,10099308,9662697,146476
22-12-2020,Odisha,21.0,Puri,369.0,13960,13709,117,13960,13709,117,326915,322344,1896,326915,322344,1896,23880,27032,329,10099308,9662697,146476
22-12-2020,Odisha,21.0,Rayagada,370.0,8352,8288,44,8352,8288,44,326915,322344,1896,326915,322344,1896,23880,27032,329,10099308,9662697,146476
22-12-2020,Odisha,21.0,Sambalpur,371.0,9174,8913,76,9174,8913,76,326915,322344,1896,326915,322344,1896,23880,27032,329,10099308,9662697,146476
22-12-2020,Odisha,21.0,Subarnapur,372.0,4682,4660,21,4682,4660,21,326915,322344,1896,326915,322344,1896,23880,27032,329,10099308,9662697,146476
22-12-2020,Odisha,21.0,Sundargarh,373.0,14339,13806,165,14339,13806,165,326915,322344,1896,326915,322344,1896,23880,27032,329,10099308,9662697,146476
22-12-2020,Punjab,3.0,Amritsar,27.0,14252,13110,539,14252,13110,539,163665,153382,5230,163665,153382,5230,23880,27032,329,10099308,9662697,146476
22-12-2020,Punjab,3.0,Barnala,605.0,2261,2154,64,2261,2154,64,163665,153382,5230,163665,153382,5230,23880,27032,329,10099308,9662697,146476
22-12-2020,Punjab,3.0,Bathinda,28.0,8958,8569,199,8958,8569,199,163665,153382,5230,163665,153382,5230,23880,27032,329,10099308,9662697,146476
22-12-2020,Punjab,3.0,Faridkot,29.0,3828,3681,73,3828,3681,73,163665,153382,5230,163665,153382,5230,23880,27032,329,10099308,9662697,146476
22-12-2020,Punjab,3.0,Fatehgarh Sahib,30.0,2476,2328,111,2476,2328,111,163665,153382,5230,163665,153382,5230,23880,27032,329,10099308,9662697,146476
22-12-2020,Punjab,3.0,Fazilka,651.0,3805,3676,68,3805,3676,68,163665,153382,5230,163665,153382,5230,23880,27032,329,10099308,9662697,146476
22-12-2020,Punjab,3.0,Ferozepur,31.0,4502,4325,140,4502,4325,140,163665,153382,5230,163665,153382,5230,23880,27032,329,10099308,9662697,146476
22-12-2020,Punjab,3.0,Gurdaspur,32.0,7794,7438,243,7794,7438,243,163665,153382,5230,163665,153382,5230,23880,27032,329,10099308,9662697,146476
22-12-2020,Punjab,3.0,Hoshiarpur,33.0,7581,7092,299,7581,7092,299,163665,153382,5230,163665,153382,5230,23880,27032,329,10099308,9662697,146476
22-12-2020,Punjab,3.0,Jalandhar,34.0,19553,18401,624,19553,18401,624,163665,153382,5230,163665,153382,5230,23880,27032,329,10099308,9662697,146476
22-12-2020,Punjab,3.0,Kapurthala,35.0,4643,4360,192,4643,4360,192,163665,153382,5230,163665,153382,5230,23880,27032,329,10099308,9662697,146476
22-12-2020,Punjab,3.0,Ludhiana,36.0,24456,22979,952,24456,22979,952,163665,153382,5230,163665,153382,5230,23880,27032,329,10099308,9662697,146476
22-12-2020,Punjab,3.0,Mansa,37.0,2361,2277,50,2361,2277,50,163665,153382,5230,163665,153382,5230,23880,27032,329,10099308,9662697,146476
22-12-2020,Punjab,3.0,Moga,38.0,2721,2577,91,2721,2577,91,163665,153382,5230,163665,153382,5230,23880,27032,329,10099308,9662697,146476
22-12-2020,Punjab,3.0,Pathankot,662.0,5564,5273,149,5564,5273,149,163665,153382,5230,163665,153382,5230,23880,27032,329,10099308,9662697,146476
22-12-2020,Punjab,3.0,Patiala,41.0,15492,14774,467,15492,14774,467,163665,153382,5230,163665,153382,5230,23880,27032,329,10099308,9662697,146476
22-12-2020,Punjab,3.0,Rupnagar,42.0,3278,2901,160,3278,2901,160,163665,153382,5230,163665,153382,5230,23880,27032,329,10099308,9662697,146476
22-12-2020,Punjab,3.0,S.A.S. Nagar,608.0,17621,15617,331,17621,15617,331,163665,153382,5230,163665,153382,5230,23880,27032,329,10099308,9662697,146476
22-12-2020,Punjab,3.0,Sangrur,43.0,4336,4092,200,4336,4092,200,163665,153382,5230,163665,153382,5230,23880,27032,329,10099308,9662697,146476
22-12-2020,Punjab,3.0,Shahid Bhagat Singh Nagar,40.0,2323,2187,78,2323,2187,78,163665,153382,5230,163665,153382,5230,23880,27032,329,10099308,9662697,146476
22-12-2020,Punjab,3.0,Sri Muktsar Sahib,39.0,3767,3596,97,3767,3596,97,163665,153382,5230,163665,153382,5230,23880,27032,329,10099308,9662697,146476
22-12-2020,Punjab,3.0,Tarn Taran,609.0,2093,1975,103,2093,1975,103,163665,153382,5230,163665,153382,5230,23880,27032,329,10099308,9662697,146476
22-12-2020,Puducherry,34.0,Karaikal,598.0,3738,3626,61,3738,3626,61,37811,36822,629,37811,36822,629,23880,27032,329,10099308,9662697,146476
22-12-2020,Puducherry,34.0,Mahe,599.0,1693,1563,8,1693,1563,8,37811,36822,629,37811,36822,629,23880,27032,329,10099308,9662697,146476
22-12-2020,Puducherry,34.0,Puducherry,600.0,30290,29597,515,30290,29597,515,37811,36822,629,37811,36822,629,23880,27032,329,10099308,9662697,146476
22-12-2020,Puducherry,34.0,Yanam,601.0,2090,2036,45,2090,2036,45,37811,36822,629,37811,36822,629,23880,27032,329,10099308,9662697,146476
22-12-2020,Rajasthan,8.0,Ajmer,86.0,16180,15727,216,16180,15727,216,300716,286481,2634,300716,286481,2634,23880,27032,329,10099308,9662697,146476
22-12-2020,Rajasthan,8.0,Alwar,87.0,21076,20753,76,21076,20753,76,300716,286481,2634,300716,286481,2634,23880,27032,329,10099308,9662697,146476
22-12-2020,Rajasthan,8.0,Banswara,88.0,1999,1747,32,1999,1747,32,300716,286481,2634,300716,286481,2634,23880,27032,329,10099308,9662697,146476
22-12-2020,Rajasthan,8.0,Baran,89.0,2277,2043,33,2277,2043,33,300716,286481,2634,300716,286481,2634,23880,27032,329,10099308,9662697,146476
22-12-2020,Rajasthan,8.0,Barmer,90.0,4868,4684,47,4868,4684,47,300716,286481,2634,300716,286481,2634,23880,27032,329,10099308,9662697,146476
22-12-2020,Rajasthan,8.0,Bharatpur,91.0,8853,8568,118,8853,8568,118,300716,286481,2634,300716,286481,2634,23880,27032,329,10099308,9662697,146476
22-12-2020,Rajasthan,8.0,Bhilwara,92.0,9243,8886,38,9243,8886,38,300716,286481,2634,300716,286481,2634,23880,27032,329,10099308,9662697,146476
22-12-2020,Rajasthan,8.0,Bikaner,93.0,18942,18689,165,18942,18689,165,300716,286481,2634,300716,286481,2634,23880,27032,329,10099308,9662697,146476
22-12-2020,Rajasthan,8.0,Bundi,94.0,2732,2422,15,2732,2422,15,300716,286481,2634,300716,286481,2634,23880,27032,329,10099308,9662697,146476
22-12-2020,Rajasthan,8.0,Chittorgarh,95.0,3527,3264,35,3527,3264,35,300716,286481,2634,300716,286481,2634,23880,27032,329,10099308,9662697,146476
22-12-2020,Rajasthan,8.0,Churu,96.0,4239,4094,40,4239,4094,40,300716,286481,2634,300716,286481,2634,23880,27032,329,10099308,9662697,146476
22-12-2020,Rajasthan,8.0,Dausa,97.0,2359,2227,23,2359,2227,23,300716,286481,2634,300716,286481,2634,23880,27032,329,10099308,9662697,146476
22-12-2020,Rajasthan,8.0,Dholpur,98.0,3683,3567,29,3683,3567,29,300716,286481,2634,300716,286481,2634,23880,27032,329,10099308,9662697,146476
22-12-2020,Rajasthan,8.0,Dungarpur,99.0,4414,3897,34,4414,3897,34,300716,286481,2634,300716,286481,2634,23880,27032,329,10099308,9662697,146476
22-12-2020,Rajasthan,8.0,Ganganagar,100.0,6434,6384,41,6434,6384,41,300716,286481,2634,300716,286481,2634,23880,27032,329,10099308,9662697,146476
22-12-2020,Rajasthan,8.0,Hanumangarh,101.0,2907,2809,12,2907,2809,12,300716,286481,2634,300716,286481,2634,23880,27032,329,10099308,9662697,146476
22-12-2020,Rajasthan,8.0,Jaipur,102.0,56018,51634,492,56018,51634,492,300716,286481,2634,300716,286481,2634,23880,27032,329,10099308,9662697,146476
22-12-2020,Rajasthan,8.0,Jaisalmer,103.0,2069,1894,24,2069,1894,24,300716,286481,2634,300716,286481,2634,23880,27032,329,10099308,9662697,146476
22-12-2020,Rajasthan,8.0,Jalore,104.0,5435,5227,49,5435,5227,49,300716,286481,2634,300716,286481,2634,23880,27032,329,10099308,9662697,146476
22-12-2020,Rajasthan,8.0,Jhalawar,105.0,3282,3139,21,3282,3139,21,300716,286481,2634,300716,286481,2634,23880,27032,329,10099308,9662697,146476
22-12-2020,Rajasthan,8.0,Jhunjhunu,106.0,4459,4381,50,4459,4381,50,300716,286481,2634,300716,286481,2634,23880,27032,329,10099308,9662697,146476
22-12-2020,Rajasthan,8.0,Jodhpur,107.0,43061,41372,279,43061,41372,279,300716,286481,2634,300716,286481,2634,23880,27032,329,10099308,9662697,146476
22-12-2020,Rajasthan,8.0,Karauli,108.0,1476,1404,20,1476,1404,20,300716,286481,2634,300716,286481,2634,23880,27032,329,10099308,9662697,146476
22-12-2020,Rajasthan,8.0,Kota,109.0,17831,16996,163,17831,16996,163,300716,286481,2634,300716,286481,2634,23880,27032,329,10099308,9662697,146476
22-12-2020,Rajasthan,8.0,Nagaur,110.0,9208,8873,90,9208,8873,90,300716,286481,2634,300716,286481,2634,23880,27032,329,10099308,9662697,146476
22-12-2020,Rajasthan,8.0,Pali,111.0,10483,10049,107,10483,10049,107,300716,286481,2634,300716,286481,2634,23880,27032,329,10099308,9662697,146476
22-12-2020,Rajasthan,8.0,Pratapgarh,629.0,1149,1051,19,1149,1051,19,300716,286481,2634,300716,286481,2634,23880,27032,329,10099308,9662697,146476
22-12-2020,Rajasthan,8.0,Rajsamand,112.0,3625,3199,40,3625,3199,40,300716,286481,2634,300716,286481,2634,23880,27032,329,10099308,9662697,146476
22-12-2020,Rajasthan,8.0,Sawai Madhopur,113.0,2033,1826,25,2033,1826,25,300716,286481,2634,300716,286481,2634,23880,27032,329,10099308,9662697,146476
22-12-2020,Rajasthan,8.0,Sikar,114.0,8815,8556,94,8815,8556,94,300716,286481,2634,300716,286481,2634,23880,27032,329,10099308,9662697,146476
22-12-2020,Rajasthan,8.0,Sirohi,115.0,3519,3354,27,3519,3354,27,300716,286481,2634,300716,286481,2634,23880,27032,329,10099308,9662697,146476
22-12-2020,Rajasthan,8.0,Tonk,116.0,3273,3031,33,3273,3031,33,300716,286481,2634,300716,286481,2634,23880,27032,329,10099308,9662697,146476
22-12-2020,Rajasthan,8.0,Udaipur,117.0,10910,10436,108,10910,10436,108,300716,286481,2634,300716,286481,2634,23880,27032,329,10099308,9662697,146476
22-12-2020,Sikkim,11.0,Unknown,,5610,5014,124,5610,5014,124,5610,5014,124,5610,5014,124,23880,27032,329,10099308,9662697,146476
22-12-2020,Telangana,36.0,Unknown,,282347,274260,1518,282347,274260,1518,282347,274260,1518,282347,274260,1518,23880,27032,329,10099308,9662697,146476
22-12-2020,Tamil Nadu,33.0,Ariyalur,610.0,4622,4565,48,4622,4565,48,809014,787611,12012,809014,787611,12012,23880,27032,329,10099308,9662697,146476
22-12-2020,Tamil Nadu,33.0,Chennai,568.0,222888,215898,3965,222888,215898,3965,809014,787611,12012,809014,787611,12012,23880,27032,329,10099308,9662697,146476
22-12-2020,Tamil Nadu,33.0,Coimbatore,569.0,51483,49856,640,51483,49856,640,809014,787611,12012,809014,787611,12012,23880,27032,329,10099308,9662697,146476
22-12-2020,Tamil Nadu,33.0,Cuddalore,570.0,24540,24157,281,24540,24157,281,809014,787611,12012,809014,787611,12012,23880,27032,329,10099308,9662697,146476
22-12-2020,Tamil Nadu,33.0,Dharmapuri,571.0,6320,6180,53,6320,6180,53,809014,787611,12012,809014,787611,12012,23880,27032,329,10099308,9662697,146476
22-12-2020,Tamil Nadu,33.0,Dindigul,572.0,10760,10435,197,10760,10435,197,809014,787611,12012,809014,787611,12012,23880,27032,329,10099308,9662697,146476
22-12-2020,Tamil Nadu,33.0,Erode,573.0,13386,12937,143,13386,12937,143,809014,787611,12012,809014,787611,12012,23880,27032,329,10099308,9662697,146476
22-12-2020,Tamil Nadu,33.0,Kancheepuram,574.0,28449,27746,433,28449,27746,433,809014,787611,12012,809014,787611,12012,23880,27032,329,10099308,9662697,146476
22-12-2020,Tamil Nadu,33.0,Kanyakumari,575.0,16187,15767,255,16187,15767,255,809014,787611,12012,809014,787611,12012,23880,27032,329,10099308,9662697,146476
22-12-2020,Tamil Nadu,33.0,Karur,576.0,5077,4939,49,5077,4939,49,809014,787611,12012,809014,787611,12012,23880,27032,329,10099308,9662697,146476
22-12-2020,Tamil Nadu,33.0,Krishnagiri,577.0,7754,7536,116,7754,7536,116,809014,787611,12012,809014,787611,12012,23880,27032,329,10099308,9662697,146476
22-12-2020,Tamil Nadu,33.0,Madurai,578.0,20348,19639,449,20348,19639,449,809014,787611,12012,809014,787611,12012,23880,27032,329,10099308,9662697,146476
22-12-2020,Tamil Nadu,33.0,Nagapattinam,579.0,8007,7759,127,8007,7759,127,809014,787611,12012,809014,787611,12012,23880,27032,329,10099308,9662697,146476
22-12-2020,Tamil Nadu,33.0,Namakkal,580.0,11015,10702,106,11015,10702,106,809014,787611,12012,809014,787611,12012,23880,27032,329,10099308,9662697,146476
22-12-2020,Tamil Nadu,33.0,Nilgiris,587.0,7813,7634,43,7813,7634,43,809014,787611,12012,809014,787611,12012,23880,27032,329,10099308,9662697,146476
22-12-2020,Tamil Nadu,33.0,Perambalur,581.0,2254,2228,21,2254,2228,21,809014,787611,12012,809014,787611,12012,23880,27032,329,10099308,9662697,146476
22-12-2020,Tamil Nadu,33.0,Pudukkottai,582.0,11348,11133,154,11348,11133,154,809014,787611,12012,809014,787611,12012,23880,27032,329,10099308,9662697,146476
22-12-2020,Tamil Nadu,33.0,Ramanathapuram,583.0,6289,6135,132,6289,6135,132,809014,787611,12012,809014,787611,12012,23880,27032,329,10099308,9662697,146476
22-12-2020,Tamil Nadu,33.0,Salem,584.0,31186,30416,455,31186,30416,455,809014,787611,12012,809014,787611,12012,23880,27032,329,10099308,9662697,146476
22-12-2020,Tamil Nadu,33.0,Sivaganga,585.0,6467,6292,126,6467,6292,126,809014,787611,12012,809014,787611,12012,23880,27032,329,10099308,9662697,146476
22-12-2020,Tamil Nadu,33.0,Thanjavur,586.0,16932,16526,232,16932,16526,232,809014,787611,12012,809014,787611,12012,23880,27032,329,10099308,9662697,146476
22-12-2020,Tamil Nadu,33.0,Theni,588.0,16812,16527,203,16812,16527,203,809014,787611,12012,809014,787611,12012,23880,27032,329,10099308,9662697,146476
22-12-2020,Tamil Nadu,33.0,Thiruvallur,589.0,42256,41106,670,42256,41106,670,809014,787611,12012,809014,787611,12012,23880,27032,329,10099308,9662697,146476
22-12-2020,Tamil Nadu,33.0,Thiruvarur,590.0,10804,10599,109,10804,10599,109,809014,787611,12012,809014,787611,12012,23880,27032,329,10099308,9662697,146476
22-12-2020,Tamil Nadu,33.0,Thoothukkudi,594.0,15977,15747,141,15977,15747,141,809014,787611,12012,809014,787611,12012,23880,27032,329,10099308,9662697,146476
22-12-2020,Tamil Nadu,33.0,Tiruchirappalli,591.0,13956,13599,173,13956,13599,173,809014,787611,12012,809014,787611,12012,23880,27032,329,10099308,9662697,146476
22-12-2020,Tamil Nadu,33.0,Tirunelveli,592.0,15182,14829,211,15182,14829,211,809014,787611,12012,809014,787611,12012,23880,27032,329,10099308,9662697,146476
22-12-2020,Tamil Nadu,33.0,Tiruppur,634.0,16688,16001,214,16688,16001,214,809014,787611,12012,809014,787611,12012,23880,27032,329,10099308,9662697,146476
22-12-2020,Tamil Nadu,33.0,Tiruvannamalai,593.0,19047,18661,280,19047,18661,280,809014,787611,12012,809014,787611,12012,23880,27032,329,10099308,9662697,146476
22-12-2020,Tamil Nadu,33.0,Vellore,595.0,20042,19458,339,20042,19458,339,809014,787611,12012,809014,787611,12012,23880,27032,329,10099308,9662697,146476
22-12-2020,Tamil Nadu,33.0,Viluppuram,596.0,14892,14687,110,14892,14687,110,809014,787611,12012,809014,787611,12012,23880,27032,329,10099308,9662697,146476
22-12-2020,Tamil Nadu,33.0,Virudhunagar,597.0,16234,15916,228,16234,15916,228,809014,787611,12012,809014,787611,12012,23880,27032,329,10099308,9662697,146476
22-12-2020,Tripura,16.0,Dhalai,269.0,3461,3430,18,3461,3430,18,33185,32572,377,33185,32572,377,23880,27032,329,10099308,9662697,146476
22-12-2020,Tripura,16.0,Gomati,654.0,3925,3869,44,3925,3869,44,33185,32572,377,33185,32572,377,23880,27032,329,10099308,9662697,146476
22-12-2020,Tripura,16.0,Khowai,652.0,1832,1792,31,1832,1792,31,33185,32572,377,33185,32572,377,23880,27032,329,10099308,9662697,146476
22-12-2020,Tripura,16.0,North Tripura,270.0,2747,2694,15,2747,2694,15,33185,32572,377,33185,32572,377,23880,27032,329,10099308,9662697,146476
22-12-2020,Tripura,16.0,Sipahijala,653.0,2873,2828,35,2873,2828,35,33185,32572,377,33185,32572,377,23880,27032,329,10099308,9662697,146476
22-12-2020,Tripura,16.0,South Tripura,271.0,4034,3971,23,4034,3971,23,33185,32572,377,33185,32572,377,23880,27032,329,10099308,9662697,146476
22-12-2020,Tripura,16.0,Unokoti,655.0,2764,2727,22,2764,2727,22,33185,32572,377,33185,32572,377,23880,27032,329,10099308,9662697,146476
22-12-2020,Tripura,16.0,West Tripura,272.0,11549,11261,189,11549,11261,189,33185,32572,377,33185,32572,377,23880,27032,329,10099308,9662697,146476
22-12-2020,Uttar Pradesh,9.0,Agra,118.0,10079,9670,169,10079,9670,169,576824,551917,8224,576824,551917,8224,23880,27032,329,10099308,9662697,146476
22-12-2020,Uttar Pradesh,9.0,Aligarh,119.0,11078,10804,54,11078,10804,54,576824,551917,8224,576824,551917,8224,23880,27032,329,10099308,9662697,146476
22-12-2020,Uttar Pradesh,9.0,Ambedkar Nagar,121.0,1849,1742,41,1849,1742,41,576824,551917,8224,576824,551917,8224,23880,27032,329,10099308,9662697,146476
22-12-2020,Uttar Pradesh,9.0,Amethi,640.0,3514,3372,37,3514,3372,37,576824,551917,8224,576824,551917,8224,23880,27032,329,10099308,9662697,146476
22-12-2020,Uttar Pradesh,9.0,Amroha,154.0,4190,4066,50,4190,4066,50,576824,551917,8224,576824,551917,8224,23880,27032,329,10099308,9662697,146476
22-12-2020,Uttar Pradesh,9.0,Auraiya,122.0,3429,3284,46,3429,3284,46,576824,551917,8224,576824,551917,8224,23880,27032,329,10099308,9662697,146476
22-12-2020,Uttar Pradesh,9.0,Ayodhya,140.0,7769,7481,110,7769,7481,110,576824,551917,8224,576824,551917,8224,23880,27032,329,10099308,9662697,146476
22-12-2020,Uttar Pradesh,9.0,Azamgarh,123.0,5918,5688,93,5918,5688,93,576824,551917,8224,576824,551917,8224,23880,27032,329,10099308,9662697,146476
22-12-2020,Uttar Pradesh,9.0,Baghpat,124.0,2223,2066,32,2223,2066,32,576824,551917,8224,576824,551917,8224,23880,27032,329,10099308,9662697,146476
22-12-2020,Uttar Pradesh,9.0,Bahraich,125.0,4016,3868,74,4016,3868,74,576824,551917,8224,576824,551917,8224,23880,27032,329,10099308,9662697,146476
22-12-2020,Uttar Pradesh,9.0,Ballia,126.0,7667,7311,102,7667,7311,102,576824,551917,8224,576824,551917,8224,23880,27032,329,10099308,9662697,146476
22-12-2020,Uttar Pradesh,9.0,Balrampur,649.0,2051,1943,33,2051,1943,33,576824,551917,8224,576824,551917,8224,23880,27032,329,10099308,9662697,146476
22-12-2020,Uttar Pradesh,9.0,Banda,128.0,3634,3480,38,3634,3480,38,576824,551917,8224,576824,551917,8224,23880,27032,329,10099308,9662697,146476
22-12-2020,Uttar Pradesh,9.0,Barabanki,129.0,7610,7427,97,7610,7427,97,576824,551917,8224,576824,551917,8224,23880,27032,329,10099308,9662697,146476
22-12-2020,Uttar Pradesh,9.0,Bareilly,130.0,13815,13294,157,13815,13294,157,576824,551917,8224,576824,551917,8224,23880,27032,329,10099308,9662697,146476
22-12-2020,Uttar Pradesh,9.0,Basti,131.0,4983,4824,97,4983,4824,97,576824,551917,8224,576824,551917,8224,23880,27032,329,10099308,9662697,146476
22-12-2020,Uttar Pradesh,9.0,Bhadohi,179.0,2179,2074,20,2179,2074,20,576824,551917,8224,576824,551917,8224,23880,27032,329,10099308,9662697,146476
22-12-2020,Uttar Pradesh,9.0,Bijnor,132.0,4210,4029,58,4210,4029,58,576824,551917,8224,576824,551917,8224,23880,27032,329,10099308,9662697,146476
22-12-2020,Uttar Pradesh,9.0,Budaun,133.0,3797,3661,45,3797,3661,45,576824,551917,8224,576824,551917,8224,23880,27032,329,10099308,9662697,146476
22-12-2020,Uttar Pradesh,9.0,Bulandshahr,134.0,5996,5639,89,5996,5639,89,576824,551917,8224,576824,551917,8224,23880,27032,329,10099308,9662697,146476
22-12-2020,Uttar Pradesh,9.0,Chandauli,135.0,4598,4400,56,4598,4400,56,576824,551917,8224,576824,551917,8224,23880,27032,329,10099308,9662697,146476
22-12-2020,Uttar Pradesh,9.0,Chitrakoot,136.0,2110,2055,13,2110,2055,13,576824,551917,8224,576824,551917,8224,23880,27032,329,10099308,9662697,146476
22-12-2020,Uttar Pradesh,9.0,Deoria,137.0,6670,6462,91,6670,6462,91,576824,551917,8224,576824,551917,8224,23880,27032,329,10099308,9662697,146476
22-12-2020,Uttar Pradesh,9.0,Etah,138.0,2479,2376,26,2479,2376,26,576824,551917,8224,576824,551917,8224,23880,27032,329,10099308,9662697,146476
22-12-2020,Uttar Pradesh,9.0,Etawah,139.0,5647,5405,103,5647,5405,103,576824,551917,8224,576824,551917,8224,23880,27032,329,10099308,9662697,146476
22-12-2020,Uttar Pradesh,9.0,Farrukhabad,141.0,4554,4379,81,4554,4379,81,576824,551917,8224,576824,551917,8224,23880,27032,329,10099308,9662697,146476
22-12-2020,Uttar Pradesh,9.0,Fatehpur,142.0,3711,3511,65,3711,3511,65,576824,551917,8224,576824,551917,8224,23880,27032,329,10099308,9662697,146476
22-12-2020,Uttar Pradesh,9.0,Firozabad,143.0,3785,3664,68,3785,3664,68,576824,551917,8224,576824,551917,8224,23880,27032,329,10099308,9662697,146476
22-12-2020,Uttar Pradesh,9.0,Gautam Buddha Nagar,144.0,24606,23946,88,24606,23946,88,576824,551917,8224,576824,551917,8224,23880,27032,329,10099308,9662697,146476
22-12-2020,Uttar Pradesh,9.0,Ghaziabad,145.0,25574,24534,99,25574,24534,99,576824,551917,8224,576824,551917,8224,23880,27032,329,10099308,9662697,146476
22-12-2020,Uttar Pradesh,9.0,Ghazipur,146.0,5048,4871,79,5048,4871,79,576824,551917,8224,576824,551917,8224,23880,27032,329,10099308,9662697,146476
22-12-2020,Uttar Pradesh,9.0,Gonda,147.0,4991,4850,67,4991,4850,67,576824,551917,8224,576824,551917,8224,23880,27032,329,10099308,9662697,146476
22-12-2020,Uttar Pradesh,9.0,Gorakhpur,148.0,20750,20078,336,20750,20078,336,576824,551917,8224,576824,551917,8224,23880,27032,329,10099308,9662697,146476
22-12-2020,Uttar Pradesh,9.0,Hamirpur,17.0,1549,1491,21,1549,1491,21,576824,551917,8224,576824,551917,8224,23880,27032,329,10099308,9662697,146476
22-12-2020,Uttar Pradesh,9.0,Hapur,661.0,4244,3972,66,4244,3972,66,576824,551917,8224,576824,551917,8224,23880,27032,329,10099308,9662697,146476
22-12-2020,Uttar Pradesh,9.0,Hardoi,150.0,5761,5547,106,5761,5547,106,576824,551917,8224,576824,551917,8224,23880,27032,329,10099308,9662697,146476
22-12-2020,Uttar Pradesh,9.0,Hathras,163.0,1280,1262,7,1280,1262,7,576824,551917,8224,576824,551917,8224,23880,27032,329,10099308,9662697,146476
22-12-2020,Uttar Pradesh,9.0,Jalaun,151.0,3841,3674,45,3841,3674,45,576824,551917,8224,576824,551917,8224,23880,27032,329,10099308,9662697,146476
22-12-2020,Uttar Pradesh,9.0,Jaunpur,152.0,6506,6232,97,6506,6232,97,576824,551917,8224,576824,551917,8224,23880,27032,329,10099308,9662697,146476
22-12-2020,Uttar Pradesh,9.0,Jhansi,153.0,9973,9591,177,9973,9591,177,576824,551917,8224,576824,551917,8224,23880,27032,329,10099308,9662697,146476
22-12-2020,Uttar Pradesh,9.0,Kannauj,155.0,3428,3332,47,3428,3332,47,576824,551917,8224,576824,551917,8224,23880,27032,329,10099308,9662697,146476
22-12-2020,Uttar Pradesh,9.0,Kanpur Dehat,156.0,2079,1982,35,2079,1982,35,576824,551917,8224,576824,551917,8224,23880,27032,329,10099308,9662697,146476
22-12-2020,Uttar Pradesh,9.0,Kanpur Nagar,157.0,31929,30435,812,31929,30435,812,576824,551917,8224,576824,551917,8224,23880,27032,329,10099308,9662697,146476
22-12-2020,Uttar Pradesh,9.0,Kasganj,633.0,1934,1857,6,1934,1857,6,576824,551917,8224,576824,551917,8224,23880,27032,329,10099308,9662697,146476
22-12-2020,Uttar Pradesh,9.0,Kaushambi,158.0,2243,2192,26,2243,2192,26,576824,551917,8224,576824,551917,8224,23880,27032,329,10099308,9662697,146476
22-12-2020,Uttar Pradesh,9.0,Kushinagar,160.0,5610,5477,60,5610,5477,60,576824,551917,8224,576824,551917,8224,23880,27032,329,10099308,9662697,146476
22-12-2020,Uttar Pradesh,9.0,Lakhimpur Kheri,159.0,7442,7222,87,7442,7222,87,576824,551917,8224,576824,551917,8224,23880,27032,329,10099308,9662697,146476
22-12-2020,Uttar Pradesh,9.0,Lalitpur,161.0,3252,3132,46,3252,3132,46,576824,551917,8224,576824,551917,8224,23880,27032,329,10099308,9662697,146476
22-12-2020,Uttar Pradesh,9.0,Lucknow,162.0,76896,73016,1088,76896,73016,1088,576824,551917,8224,576824,551917,8224,23880,27032,329,10099308,9662697,146476
22-12-2020,Uttar Pradesh,9.0,Maharajganj,164.0,5744,5638,90,5744,5638,90,576824,551917,8224,576824,551917,8224,23880,27032,329,10099308,9662697,146476
22-12-2020,Uttar Pradesh,9.0,Mahoba,165.0,1434,1382,11,1434,1382,11,576824,551917,8224,576824,551917,8224,23880,27032,329,10099308,9662697,146476
22-12-2020,Uttar Pradesh,9.0,Mainpuri,166.0,3702,3524,70,3702,3524,70,576824,551917,8224,576824,551917,8224,23880,27032,329,10099308,9662697,146476
22-12-2020,Uttar Pradesh,9.0,Mathura,167.0,6579,6232,109,6579,6232,109,576824,551917,8224,576824,551917,8224,23880,27032,329,10099308,9662697,146476
22-12-2020,Uttar Pradesh,9.0,Mau,168.0,3028,2940,39,3028,2940,39,576824,551917,8224,576824,551917,8224,23880,27032,329,10099308,9662697,146476
22-12-2020,Uttar Pradesh,9.0,Meerut,169.0,21244,19684,423,21244,19684,423,576824,551917,8224,576824,551917,8224,23880,27032,329,10099308,9662697,146476
22-12-2020,Uttar Pradesh,9.0,Mirzapur,170.0,3331,3147,42,3331,3147,42,576824,551917,8224,576824,551917,8224,23880,27032,329,10099308,9662697,146476
22-12-2020,Uttar Pradesh,9.0,Moradabad,171.0,11400,10978,175,11400,10978,175,576824,551917,8224,576824,551917,8224,23880,27032,329,10099308,9662697,146476
22-12-2020,Uttar Pradesh,9.0,Muzaffarnagar,172.0,8003,7454,100,8003,7454,100,576824,551917,8224,576824,551917,8224,23880,27032,329,10099308,9662697,146476
22-12-2020,Uttar Pradesh,9.0,Pilibhit,173.0,4099,3941,77,4099,3941,77,576824,551917,8224,576824,551917,8224,23880,27032,329,10099308,9662697,146476
22-12-2020,Uttar Pradesh,9.0,Pratapgarh,629.0,5202,4961,66,5202,4961,66,576824,551917,8224,576824,551917,8224,23880,27032,329,10099308,9662697,146476
22-12-2020,Uttar Pradesh,9.0,Prayagraj,120.0,27951,26780,379,27951,26780,379,576824,551917,8224,576824,551917,8224,23880,27032,329,10099308,9662697,146476
22-12-2020,Uttar Pradesh,9.0,Rae Bareli,175.0,5041,4759,102,5041,4759,102,576824,551917,8224,576824,551917,8224,23880,27032,329,10099308,9662697,146476
22-12-2020,Uttar Pradesh,9.0,Rampur,176.0,5357,5213,51,5357,5213,51,576824,551917,8224,576824,551917,8224,23880,27032,329,10099308,9662697,146476
22-12-2020,Uttar Pradesh,9.0,Saharanpur,177.0,9528,8937,131,9528,8937,131,576824,551917,8224,576824,551917,8224,23880,27032,329,10099308,9662697,146476
22-12-2020,Uttar Pradesh,9.0,Sambhal,659.0,3148,2928,43,3148,2928,43,576824,551917,8224,576824,551917,8224,23880,27032,329,10099308,9662697,146476
22-12-2020,Uttar Pradesh,9.0,Sant Kabir Nagar,178.0,3214,3093,44,3214,3093,44,576824,551917,8224,576824,551917,8224,23880,27032,329,10099308,9662697,146476
22-12-2020,Uttar Pradesh,9.0,Shahjahanpur,180.0,6770,6595,111,6770,6595,111,576824,551917,8224,576824,551917,8224,23880,27032,329,10099308,9662697,146476
22-12-2020,Uttar Pradesh,9.0,Shamli,660.0,3513,3392,29,3513,3392,29,576824,551917,8224,576824,551917,8224,23880,27032,329,10099308,9662697,146476
22-12-2020,Uttar Pradesh,9.0,Shrawasti,181.0,1268,1225,18,1268,1225,18,576824,551917,8224,576824,551917,8224,23880,27032,329,10099308,9662697,146476
22-12-2020,Uttar Pradesh,9.0,Siddharthnagar,182.0,3967,3873,51,3967,3873,51,576824,551917,8224,576824,551917,8224,23880,27032,329,10099308,9662697,146476
22-12-2020,Uttar Pradesh,9.0,Sitapur,183.0,4690,4527,74,4690,4527,74,576824,551917,8224,576824,551917,8224,23880,27032,329,10099308,9662697,146476
22-12-2020,Uttar Pradesh,9.0,Sonbhadra,184.0,4919,4636,72,4919,4636,72,576824,551917,8224,576824,551917,8224,23880,27032,329,10099308,9662697,146476
22-12-2020,Uttar Pradesh,9.0,Sultanpur,185.0,4698,4361,75,4698,4361,75,576824,551917,8224,576824,551917,8224,23880,27032,329,10099308,9662697,146476
22-12-2020,Uttar Pradesh,9.0,Unnao,186.0,4496,4213,81,4496,4213,81,576824,551917,8224,576824,551917,8224,23880,27032,329,10099308,9662697,146476
22-12-2020,Uttar Pradesh,9.0,Varanasi,187.0,22001,20836,421,22001,20836,421,576824,551917,8224,576824,551917,8224,23880,27032,329,10099308,9662697,146476
22-12-2020,Uttarakhand,5.0,Almora,45.0,2960,2557,21,2960,2557,21,87376,79341,1439,87376,79341,1439,23880,27032,329,10099308,9662697,146476
22-12-2020,Uttarakhand,5.0,Bageshwar,46.0,1454,1279,15,1454,1279,15,87376,79341,1439,87376,79341,1439,23880,27032,329,10099308,9662697,146476
22-12-2020,Uttarakhand,5.0,Chamoli,47.0,3310,2999,14,3310,2999,14,87376,79341,1439,87376,79341,1439,23880,27032,329,10099308,9662697,146476
22-12-2020,Uttarakhand,5.0,Champawat,48.0,1635,1392,8,1635,1392,8,87376,79341,1439,87376,79341,1439,23880,27032,329,10099308,9662697,146476
22-12-2020,Uttarakhand,5.0,Dehradun,49.0,25949,23219,811,25949,23219,811,87376,79341,1439,87376,79341,1439,23880,27032,329,10099308,9662697,146476
22-12-2020,Uttarakhand,5.0,Haridwar,50.0,13083,12418,145,13083,12418,145,87376,79341,1439,87376,79341,1439,23880,27032,329,10099308,9662697,146476
22-12-2020,Uttarakhand,5.0,Nainital,51.0,10539,9236,197,10539,9236,197,87376,79341,1439,87376,79341,1439,23880,27032,329,10099308,9662697,146476
22-12-2020,Uttarakhand,5.0,Pauri Garhwal,52.0,4876,4534,55,4876,4534,55,87376,79341,1439,87376,79341,1439,23880,27032,329,10099308,9662697,146476
22-12-2020,Uttarakhand,5.0,Pithoragarh,53.0,2999,2573,28,2999,2573,28,87376,79341,1439,87376,79341,1439,23880,27032,329,10099308,9662697,146476
22-12-2020,Uttarakhand,5.0,Rudraprayag,54.0,2138,2010,10,2138,2010,10,87376,79341,1439,87376,79341,1439,23880,27032,329,10099308,9662697,146476
22-12-2020,Uttarakhand,5.0,Tehri Garhwal,55.0,4031,3624,16,4031,3624,16,87376,79341,1439,87376,79341,1439,23880,27032,329,10099308,9662697,146476
22-12-2020,Uttarakhand,5.0,Udham Singh Nagar,56.0,10918,10449,106,10918,10449,106,87376,79341,1439,87376,79341,1439,23880,27032,329,10099308,9662697,146476
22-12-2020,Uttarakhand,5.0,Uttarkashi,57.0,3484,3051,13,3484,3051,13,87376,79341,1439,87376,79341,1439,23880,27032,329,10099308,9662697,146476
22-12-2020,West Bengal,19.0,Alipurduar,664.0,7581,7429,85,7581,7429,85,539996,514309,9439,539996,514309,9439,23880,27032,329,10099308,9662697,146476
22-12-2020,West Bengal,19.0,Bankura,305.0,11103,10598,88,11103,10598,88,539996,514309,9439,539996,514309,9439,23880,27032,329,10099308,9662697,146476
22-12-2020,West Bengal,19.0,Birbhum,307.0,9353,8901,84,9353,8901,84,539996,514309,9439,539996,514309,9439,23880,27032,329,10099308,9662697,146476
22-12-2020,West Bengal,19.0,Cooch Behar,308.0,11500,11041,69,11500,11041,69,539996,514309,9439,539996,514309,9439,23880,27032,329,10099308,9662697,146476
22-12-2020,West Bengal,19.0,Dakshin Dinajpur,310.0,8037,7869,70,8037,7869,70,539996,514309,9439,539996,514309,9439,23880,27032,329,10099308,9662697,146476
22-12-2020,West Bengal,19.0,Darjeeling,309.0,17368,16650,196,17368,16650,196,539996,514309,9439,539996,514309,9439,23880,27032,329,10099308,9662697,146476
22-12-2020,West Bengal,19.0,Hooghly,312.0,27859,26598,450,27859,26598,450,539996,514309,9439,539996,514309,9439,23880,27032,329,10099308,9662697,146476
22-12-2020,West Bengal,19.0,Howrah,313.0,33962,32185,979,33962,32185,979,539996,514309,9439,539996,514309,9439,23880,27032,329,10099308,9662697,146476
22-12-2020,West Bengal,19.0,Jalpaiguri,314.0,14057,13443,154,14057,13443,154,539996,514309,9439,539996,514309,9439,23880,27032,329,10099308,9662697,146476
22-12-2020,West Bengal,19.0,Jhargram,703.0,2904,2827,19,2904,2827,19,539996,514309,9439,539996,514309,9439,23880,27032,329,10099308,9662697,146476
22-12-2020,West Bengal,19.0,Kalimpong,702.0,2106,2022,23,2106,2022,23,539996,514309,9439,539996,514309,9439,23880,27032,329,10099308,9662697,146476
22-12-2020,West Bengal,19.0,Kolkata,315.0,120503,113761,2882,120503,113761,2882,539996,514309,9439,539996,514309,9439,23880,27032,329,10099308,9662697,146476
22-12-2020,West Bengal,19.0,Malda,316.0,12305,11836,109,12305,11836,109,539996,514309,9439,539996,514309,9439,23880,27032,329,10099308,9662697,146476
22-12-2020,West Bengal,19.0,Murshidabad,319.0,11740,11213,142,11740,11213,142,539996,514309,9439,539996,514309,9439,23880,27032,329,10099308,9662697,146476
22-12-2020,West Bengal,19.0,Nadia,320.0,21039,20028,278,21039,20028,278,539996,514309,9439,539996,514309,9439,23880,27032,329,10099308,9662697,146476
22-12-2020,West Bengal,19.0,North 24 Parganas,303.0,113788,108562,2252,113788,108562,2252,539996,514309,9439,539996,514309,9439,23880,27032,329,10099308,9662697,146476
22-12-2020,West Bengal,19.0,Paschim Bardhaman,704.0,15013,14188,145,15013,14188,145,539996,514309,9439,539996,514309,9439,23880,27032,329,10099308,9662697,146476
22-12-2020,West Bengal,19.0,Paschim Medinipur,318.0,19502,18600,288,19502,18600,288,539996,514309,9439,539996,514309,9439,23880,27032,329,10099308,9662697,146476
22-12-2020,West Bengal,19.0,Purba Bardhaman,306.0,11987,11447,92,11987,11447,92,539996,514309,9439,539996,514309,9439,23880,27032,329,10099308,9662697,146476
22-12-2020,West Bengal,19.0,Purba Medinipur,317.0,19726,18726,264,19726,18726,264,539996,514309,9439,539996,514309,9439,23880,27032,329,10099308,9662697,146476
22-12-2020,West Bengal,19.0,Purulia,321.0,6766,6424,44,6766,6424,44,539996,514309,9439,539996,514309,9439,23880,27032,329,10099308,9662697,146476
22-12-2020,West Bengal,19.0,South 24 Parganas,304.0,35422,33837,652,35422,33837,652,539996,514309,9439,539996,514309,9439,23880,27032,329,10099308,9662697,146476
22-12-2020,West Bengal,19.0,Uttar Dinajpur,311.0,6309,6061,71,6309,6061,71,539996,514309,9439,539996,514309,9439,23880,27032,329,10099308,9662697,146476
